X,"initial consensus","final consensus","iterations","distance","quantifier","experts","alternatives","level","sample"
"1",0.492951526034934,0.810248874971876,2,"manhattan","asmany",4,4,3,1
"2",0.492951526034934,0.810248874971876,2,"euclidean","asmany",4,4,3,1
"3",0.406003283495621,0.749255785649445,9,"cosine","asmany",4,4,3,1
"4",0.432131469802305,0.517157802907167,9,"dice","asmany",4,4,3,1
"5",0.600303888708882,0.716778835138513,9,"jacard","asmany",4,4,3,1
"6",0.968980631111966,0.968980631111966,0,"manhattan","leasthalf",4,4,3,1
"7",0.968980631111966,0.968980631111966,0,"euclidean","leasthalf",4,4,3,1
"8",0.95267510950967,0.95267510950967,0,"cosine","leasthalf",4,4,3,1
"9",0.840338813082202,0.840338813082202,0,"dice","leasthalf",4,4,3,1
"10",0.9971316848421,0.9971316848421,0,"jacard","leasthalf",4,4,3,1
"11",0.833682072260076,0.833682072260076,0,"manhattan","most",4,4,3,1
"12",0.833682072260076,0.833682072260076,0,"euclidean","most",4,4,3,1
"13",0.784060784293826,0.851805784518305,1,"cosine","most",4,4,3,1
"14",0.575714832900483,0.590520689913658,9,"dice","most",4,4,3,1
"15",0.942710322821458,0.942710322821458,0,"jacard","most",4,4,3,1
"16",0.492951526034934,0.810248874971876,2,"manhattan","asmany",4,4,3,1
"17",0.492951526034934,0.810248874971876,2,"euclidean","asmany",4,4,3,1
"18",0.406003283495621,0.749255785649445,9,"cosine","asmany",4,4,3,1
"19",0.432131469802305,0.517157802907167,9,"dice","asmany",4,4,3,1
"20",0.600303888708882,0.716778835138513,9,"jacard","asmany",4,4,3,1
"21",0.968980631111966,0.968980631111966,0,"manhattan","leasthalf",4,4,3,1
"22",0.968980631111966,0.968980631111966,0,"euclidean","leasthalf",4,4,3,1
"23",0.95267510950967,0.95267510950967,0,"cosine","leasthalf",4,4,3,1
"24",0.840338813082202,0.840338813082202,0,"dice","leasthalf",4,4,3,1
"25",0.9971316848421,0.9971316848421,0,"jacard","leasthalf",4,4,3,1
"26",0.833682072260076,0.833682072260076,0,"manhattan","most",4,4,3,1
"27",0.833682072260076,0.833682072260076,0,"euclidean","most",4,4,3,1
"28",0.784060784293826,0.851805784518305,1,"cosine","most",4,4,3,1
"29",0.575714832900483,0.590520689913658,9,"dice","most",4,4,3,1
"30",0.942710322821458,0.942710322821458,0,"jacard","most",4,4,3,1
"31",0.492951526034934,0.810248874971876,2,"manhattan","asmany",4,4,3,1
"32",0.492951526034934,0.810248874971876,2,"euclidean","asmany",4,4,3,1
"33",0.406003283495621,0.749255785649445,9,"cosine","asmany",4,4,3,1
"34",0.432131469802305,0.517157802907167,9,"dice","asmany",4,4,3,1
"35",0.600303888708882,0.716778835138513,9,"jacard","asmany",4,4,3,1
"36",0.968980631111966,0.968980631111966,0,"manhattan","leasthalf",4,4,3,1
"37",0.968980631111966,0.968980631111966,0,"euclidean","leasthalf",4,4,3,1
"38",0.95267510950967,0.95267510950967,0,"cosine","leasthalf",4,4,3,1
"39",0.840338813082202,0.840338813082202,0,"dice","leasthalf",4,4,3,1
"40",0.9971316848421,0.9971316848421,0,"jacard","leasthalf",4,4,3,1
"41",0.833682072260076,0.833682072260076,0,"manhattan","most",4,4,3,1
"42",0.833682072260076,0.833682072260076,0,"euclidean","most",4,4,3,1
"43",0.784060784293826,0.851805784518305,1,"cosine","most",4,4,3,1
"44",0.575714832900483,0.590520689913658,9,"dice","most",4,4,3,1
"45",0.942710322821458,0.942710322821458,0,"jacard","most",4,4,3,1
"46",0.492951526034934,0.810248874971876,2,"manhattan","asmany",4,4,3,1
"47",0.492951526034934,0.810248874971876,2,"euclidean","asmany",4,4,3,1
"48",0.406003283495621,0.749255785649445,9,"cosine","asmany",4,4,3,1
"49",0.432131469802305,0.517157802907167,9,"dice","asmany",4,4,3,1
"50",0.600303888708882,0.716778835138513,9,"jacard","asmany",4,4,3,1
"51",0.968980631111966,0.968980631111966,0,"manhattan","leasthalf",4,4,3,1
"52",0.968980631111966,0.968980631111966,0,"euclidean","leasthalf",4,4,3,1
"53",0.95267510950967,0.95267510950967,0,"cosine","leasthalf",4,4,3,1
"54",0.840338813082202,0.840338813082202,0,"dice","leasthalf",4,4,3,1
"55",0.9971316848421,0.9971316848421,0,"jacard","leasthalf",4,4,3,1
"56",0.833682072260076,0.833682072260076,0,"manhattan","most",4,4,3,1
"57",0.833682072260076,0.833682072260076,0,"euclidean","most",4,4,3,1
"58",0.784060784293826,0.851805784518305,1,"cosine","most",4,4,3,1
"59",0.575714832900483,0.590520689913658,9,"dice","most",4,4,3,1
"60",0.942710322821458,0.942710322821458,0,"jacard","most",4,4,3,1
"61",0.492951526034934,0.810248874971876,2,"manhattan","asmany",4,4,3,1
"62",0.492951526034934,0.810248874971876,2,"euclidean","asmany",4,4,3,1
"63",0.406003283495621,0.749255785649445,9,"cosine","asmany",4,4,3,1
"64",0.432131469802305,0.517157802907167,9,"dice","asmany",4,4,3,1
"65",0.600303888708882,0.716778835138513,9,"jacard","asmany",4,4,3,1
"66",0.968980631111966,0.968980631111966,0,"manhattan","leasthalf",4,4,3,1
"67",0.968980631111966,0.968980631111966,0,"euclidean","leasthalf",4,4,3,1
"68",0.95267510950967,0.95267510950967,0,"cosine","leasthalf",4,4,3,1
"69",0.840338813082202,0.840338813082202,0,"dice","leasthalf",4,4,3,1
"70",0.9971316848421,0.9971316848421,0,"jacard","leasthalf",4,4,3,1
"71",0.833682072260076,0.833682072260076,0,"manhattan","most",4,4,3,1
"72",0.833682072260076,0.833682072260076,0,"euclidean","most",4,4,3,1
"73",0.784060784293826,0.851805784518305,1,"cosine","most",4,4,3,1
"74",0.575714832900483,0.590520689913658,9,"dice","most",4,4,3,1
"75",0.942710322821458,0.942710322821458,0,"jacard","most",4,4,3,1
"76",0.492951526034934,0.810248874971876,2,"manhattan","asmany",4,4,3,1
"77",0.492951526034934,0.810248874971876,2,"euclidean","asmany",4,4,3,1
"78",0.406003283495621,0.749255785649445,9,"cosine","asmany",4,4,3,1
"79",0.432131469802305,0.517157802907167,9,"dice","asmany",4,4,3,1
"80",0.600303888708882,0.716778835138513,9,"jacard","asmany",4,4,3,1
"81",0.968980631111966,0.968980631111966,0,"manhattan","leasthalf",4,4,3,1
"82",0.968980631111966,0.968980631111966,0,"euclidean","leasthalf",4,4,3,1
"83",0.95267510950967,0.95267510950967,0,"cosine","leasthalf",4,4,3,1
"84",0.840338813082202,0.840338813082202,0,"dice","leasthalf",4,4,3,1
"85",0.9971316848421,0.9971316848421,0,"jacard","leasthalf",4,4,3,1
"86",0.833682072260076,0.833682072260076,0,"manhattan","most",4,4,3,1
"87",0.833682072260076,0.833682072260076,0,"euclidean","most",4,4,3,1
"88",0.784060784293826,0.851805784518305,1,"cosine","most",4,4,3,1
"89",0.575714832900483,0.590520689913658,9,"dice","most",4,4,3,1
"90",0.942710322821458,0.942710322821458,0,"jacard","most",4,4,3,1
"91",0.402713822829537,0.817011688987259,2,"manhattan","asmany",4,6,3,2
"92",0.402713822829537,0.817011688987259,2,"euclidean","asmany",4,6,3,2
"93",0.396364346572614,0.511127025789741,9,"dice","asmany",4,6,3,2
"94",0.960445111089697,0.960445111089697,0,"manhattan","leasthalf",4,6,3,2
"95",0.960445111089697,0.960445111089697,0,"euclidean","leasthalf",4,6,3,2
"96",0.935641014247465,0.935641014247465,0,"cosine","leasthalf",4,6,3,2
"97",0.890630448380628,0.890630448380628,0,"dice","leasthalf",4,6,3,2
"98",0.994445439446851,0.994445439446851,0,"jacard","leasthalf",4,6,3,2
"99",0.803839124563274,0.803839124563274,0,"manhattan","most",4,6,3,2
"100",0.803839124563274,0.803839124563274,0,"euclidean","most",4,6,3,2
"101",0.76075525171627,0.85956078627348,1,"cosine","most",4,6,3,2
"102",0.57013591086512,0.596314903747825,9,"dice","most",4,6,3,2
"103",0.930156624656444,0.930156624656444,0,"jacard","most",4,6,3,2
"104",0.402713822829537,0.817011688987259,2,"manhattan","asmany",4,6,3,2
"105",0.402713822829537,0.817011688987259,2,"euclidean","asmany",4,6,3,2
"106",0.396364346572614,0.511127025789741,9,"dice","asmany",4,6,3,2
"107",0.960445111089697,0.960445111089697,0,"manhattan","leasthalf",4,6,3,2
"108",0.960445111089697,0.960445111089697,0,"euclidean","leasthalf",4,6,3,2
"109",0.935641014247465,0.935641014247465,0,"cosine","leasthalf",4,6,3,2
"110",0.890630448380628,0.890630448380628,0,"dice","leasthalf",4,6,3,2
"111",0.994445439446851,0.994445439446851,0,"jacard","leasthalf",4,6,3,2
"112",0.803839124563274,0.803839124563274,0,"manhattan","most",4,6,3,2
"113",0.803839124563274,0.803839124563274,0,"euclidean","most",4,6,3,2
"114",0.76075525171627,0.85956078627348,1,"cosine","most",4,6,3,2
"115",0.57013591086512,0.596314903747825,9,"dice","most",4,6,3,2
"116",0.930156624656444,0.930156624656444,0,"jacard","most",4,6,3,2
"117",0.402713822829537,0.817011688987259,2,"manhattan","asmany",4,6,3,2
"118",0.402713822829537,0.817011688987259,2,"euclidean","asmany",4,6,3,2
"119",0.396364346572614,0.511127025789741,9,"dice","asmany",4,6,3,2
"120",0.960445111089697,0.960445111089697,0,"manhattan","leasthalf",4,6,3,2
"121",0.960445111089697,0.960445111089697,0,"euclidean","leasthalf",4,6,3,2
"122",0.935641014247465,0.935641014247465,0,"cosine","leasthalf",4,6,3,2
"123",0.890630448380628,0.890630448380628,0,"dice","leasthalf",4,6,3,2
"124",0.994445439446851,0.994445439446851,0,"jacard","leasthalf",4,6,3,2
"125",0.803839124563274,0.803839124563274,0,"manhattan","most",4,6,3,2
"126",0.803839124563274,0.803839124563274,0,"euclidean","most",4,6,3,2
"127",0.76075525171627,0.85956078627348,1,"cosine","most",4,6,3,2
"128",0.57013591086512,0.596314903747825,9,"dice","most",4,6,3,2
"129",0.930156624656444,0.930156624656444,0,"jacard","most",4,6,3,2
"130",0.402713822829537,0.817011688987259,2,"manhattan","asmany",4,6,3,2
"131",0.402713822829537,0.817011688987259,2,"euclidean","asmany",4,6,3,2
"132",0.396364346572614,0.511127025789741,9,"dice","asmany",4,6,3,2
"133",0.960445111089697,0.960445111089697,0,"manhattan","leasthalf",4,6,3,2
"134",0.960445111089697,0.960445111089697,0,"euclidean","leasthalf",4,6,3,2
"135",0.935641014247465,0.935641014247465,0,"cosine","leasthalf",4,6,3,2
"136",0.890630448380628,0.890630448380628,0,"dice","leasthalf",4,6,3,2
"137",0.994445439446851,0.994445439446851,0,"jacard","leasthalf",4,6,3,2
"138",0.803839124563274,0.803839124563274,0,"manhattan","most",4,6,3,2
"139",0.803839124563274,0.803839124563274,0,"euclidean","most",4,6,3,2
"140",0.76075525171627,0.85956078627348,1,"cosine","most",4,6,3,2
"141",0.57013591086512,0.596314903747825,9,"dice","most",4,6,3,2
"142",0.930156624656444,0.930156624656444,0,"jacard","most",4,6,3,2
"143",0.402713822829537,0.817011688987259,2,"manhattan","asmany",4,6,3,2
"144",0.402713822829537,0.817011688987259,2,"euclidean","asmany",4,6,3,2
"145",0.396364346572614,0.511127025789741,9,"dice","asmany",4,6,3,2
"146",0.960445111089697,0.960445111089697,0,"manhattan","leasthalf",4,6,3,2
"147",0.960445111089697,0.960445111089697,0,"euclidean","leasthalf",4,6,3,2
"148",0.935641014247465,0.935641014247465,0,"cosine","leasthalf",4,6,3,2
"149",0.890630448380628,0.890630448380628,0,"dice","leasthalf",4,6,3,2
"150",0.994445439446851,0.994445439446851,0,"jacard","leasthalf",4,6,3,2
"151",0.803839124563274,0.803839124563274,0,"manhattan","most",4,6,3,2
"152",0.803839124563274,0.803839124563274,0,"euclidean","most",4,6,3,2
"153",0.76075525171627,0.85956078627348,1,"cosine","most",4,6,3,2
"154",0.57013591086512,0.596314903747825,9,"dice","most",4,6,3,2
"155",0.930156624656444,0.930156624656444,0,"jacard","most",4,6,3,2
"156",0.402713822829537,0.817011688987259,2,"manhattan","asmany",4,6,3,2
"157",0.402713822829537,0.817011688987259,2,"euclidean","asmany",4,6,3,2
"158",0.396364346572614,0.511127025789741,9,"dice","asmany",4,6,3,2
"159",0.960445111089697,0.960445111089697,0,"manhattan","leasthalf",4,6,3,2
"160",0.960445111089697,0.960445111089697,0,"euclidean","leasthalf",4,6,3,2
"161",0.935641014247465,0.935641014247465,0,"cosine","leasthalf",4,6,3,2
"162",0.890630448380628,0.890630448380628,0,"dice","leasthalf",4,6,3,2
"163",0.994445439446851,0.994445439446851,0,"jacard","leasthalf",4,6,3,2
"164",0.803839124563274,0.803839124563274,0,"manhattan","most",4,6,3,2
"165",0.803839124563274,0.803839124563274,0,"euclidean","most",4,6,3,2
"166",0.76075525171627,0.85956078627348,1,"cosine","most",4,6,3,2
"167",0.57013591086512,0.596314903747825,9,"dice","most",4,6,3,2
"168",0.930156624656444,0.930156624656444,0,"jacard","most",4,6,3,2
"169",0.452468805260391,0.826665504675475,2,"manhattan","asmany",4,8,3,3
"170",0.452468805260391,0.826665504675475,2,"euclidean","asmany",4,8,3,3
"171",0.432061397697347,0.514030913137755,9,"dice","asmany",4,8,3,3
"172",0.971216339385137,0.971216339385137,0,"manhattan","leasthalf",4,8,3,3
"173",0.971216339385137,0.971216339385137,0,"euclidean","leasthalf",4,8,3,3
"174",0.954151772957552,0.954151772957552,0,"cosine","leasthalf",4,8,3,3
"175",0.854679317129555,0.854679317129555,0,"dice","leasthalf",4,8,3,3
"176",0.997295563056232,0.997295563056232,0,"jacard","leasthalf",4,8,3,3
"177",0.804414519504378,0.804414519504378,0,"manhattan","most",4,8,3,3
"178",0.804414519504378,0.804414519504378,0,"euclidean","most",4,8,3,3
"179",0.755595719574876,0.847714115441669,1,"cosine","most",4,8,3,3
"180",0.574854530032019,0.594412223523039,9,"dice","most",4,8,3,3
"181",0.923452295944128,0.923452295944128,0,"jacard","most",4,8,3,3
"182",0.452468805260391,0.826665504675475,2,"manhattan","asmany",4,8,3,3
"183",0.452468805260391,0.826665504675475,2,"euclidean","asmany",4,8,3,3
"184",0.432061397697347,0.514030913137755,9,"dice","asmany",4,8,3,3
"185",0.971216339385137,0.971216339385137,0,"manhattan","leasthalf",4,8,3,3
"186",0.971216339385137,0.971216339385137,0,"euclidean","leasthalf",4,8,3,3
"187",0.954151772957552,0.954151772957552,0,"cosine","leasthalf",4,8,3,3
"188",0.854679317129555,0.854679317129555,0,"dice","leasthalf",4,8,3,3
"189",0.997295563056232,0.997295563056232,0,"jacard","leasthalf",4,8,3,3
"190",0.804414519504378,0.804414519504378,0,"manhattan","most",4,8,3,3
"191",0.804414519504378,0.804414519504378,0,"euclidean","most",4,8,3,3
"192",0.755595719574876,0.847714115441669,1,"cosine","most",4,8,3,3
"193",0.574854530032019,0.594412223523039,9,"dice","most",4,8,3,3
"194",0.923452295944128,0.923452295944128,0,"jacard","most",4,8,3,3
"195",0.452468805260391,0.826665504675475,2,"manhattan","asmany",4,8,3,3
"196",0.452468805260391,0.826665504675475,2,"euclidean","asmany",4,8,3,3
"197",0.432061397697347,0.514030913137755,9,"dice","asmany",4,8,3,3
"198",0.971216339385137,0.971216339385137,0,"manhattan","leasthalf",4,8,3,3
"199",0.971216339385137,0.971216339385137,0,"euclidean","leasthalf",4,8,3,3
"200",0.954151772957552,0.954151772957552,0,"cosine","leasthalf",4,8,3,3
"201",0.854679317129555,0.854679317129555,0,"dice","leasthalf",4,8,3,3
"202",0.997295563056232,0.997295563056232,0,"jacard","leasthalf",4,8,3,3
"203",0.804414519504378,0.804414519504378,0,"manhattan","most",4,8,3,3
"204",0.804414519504378,0.804414519504378,0,"euclidean","most",4,8,3,3
"205",0.755595719574876,0.847714115441669,1,"cosine","most",4,8,3,3
"206",0.574854530032019,0.594412223523039,9,"dice","most",4,8,3,3
"207",0.923452295944128,0.923452295944128,0,"jacard","most",4,8,3,3
"208",0.452468805260391,0.826665504675475,2,"manhattan","asmany",4,8,3,3
"209",0.452468805260391,0.826665504675475,2,"euclidean","asmany",4,8,3,3
"210",0.432061397697347,0.514030913137755,9,"dice","asmany",4,8,3,3
"211",0.971216339385137,0.971216339385137,0,"manhattan","leasthalf",4,8,3,3
"212",0.971216339385137,0.971216339385137,0,"euclidean","leasthalf",4,8,3,3
"213",0.954151772957552,0.954151772957552,0,"cosine","leasthalf",4,8,3,3
"214",0.854679317129555,0.854679317129555,0,"dice","leasthalf",4,8,3,3
"215",0.997295563056232,0.997295563056232,0,"jacard","leasthalf",4,8,3,3
"216",0.804414519504378,0.804414519504378,0,"manhattan","most",4,8,3,3
"217",0.804414519504378,0.804414519504378,0,"euclidean","most",4,8,3,3
"218",0.755595719574876,0.847714115441669,1,"cosine","most",4,8,3,3
"219",0.574854530032019,0.594412223523039,9,"dice","most",4,8,3,3
"220",0.923452295944128,0.923452295944128,0,"jacard","most",4,8,3,3
"221",0.452468805260391,0.826665504675475,2,"manhattan","asmany",4,8,3,3
"222",0.452468805260391,0.826665504675475,2,"euclidean","asmany",4,8,3,3
"223",0.432061397697347,0.514030913137755,9,"dice","asmany",4,8,3,3
"224",0.971216339385137,0.971216339385137,0,"manhattan","leasthalf",4,8,3,3
"225",0.971216339385137,0.971216339385137,0,"euclidean","leasthalf",4,8,3,3
"226",0.954151772957552,0.954151772957552,0,"cosine","leasthalf",4,8,3,3
"227",0.854679317129555,0.854679317129555,0,"dice","leasthalf",4,8,3,3
"228",0.997295563056232,0.997295563056232,0,"jacard","leasthalf",4,8,3,3
"229",0.804414519504378,0.804414519504378,0,"manhattan","most",4,8,3,3
"230",0.804414519504378,0.804414519504378,0,"euclidean","most",4,8,3,3
"231",0.755595719574876,0.847714115441669,1,"cosine","most",4,8,3,3
"232",0.574854530032019,0.594412223523039,9,"dice","most",4,8,3,3
"233",0.923452295944128,0.923452295944128,0,"jacard","most",4,8,3,3
"234",0.452468805260391,0.826665504675475,2,"manhattan","asmany",4,8,3,3
"235",0.452468805260391,0.826665504675475,2,"euclidean","asmany",4,8,3,3
"236",0.432061397697347,0.514030913137755,9,"dice","asmany",4,8,3,3
"237",0.971216339385137,0.971216339385137,0,"manhattan","leasthalf",4,8,3,3
"238",0.971216339385137,0.971216339385137,0,"euclidean","leasthalf",4,8,3,3
"239",0.954151772957552,0.954151772957552,0,"cosine","leasthalf",4,8,3,3
"240",0.854679317129555,0.854679317129555,0,"dice","leasthalf",4,8,3,3
"241",0.997295563056232,0.997295563056232,0,"jacard","leasthalf",4,8,3,3
"242",0.804414519504378,0.804414519504378,0,"manhattan","most",4,8,3,3
"243",0.804414519504378,0.804414519504378,0,"euclidean","most",4,8,3,3
"244",0.755595719574876,0.847714115441669,1,"cosine","most",4,8,3,3
"245",0.574854530032019,0.594412223523039,9,"dice","most",4,8,3,3
"246",0.923452295944128,0.923452295944128,0,"jacard","most",4,8,3,3
"247",0.491527662327927,0.833738437745483,2,"manhattan","asmany",6,4,3,4
"248",0.491527662327927,0.833738437745483,2,"euclidean","asmany",6,4,3,4
"249",0.389105017442925,0.752113607662898,9,"cosine","asmany",6,4,3,4
"250",0.458053726964337,0.515204472396005,9,"dice","asmany",6,4,3,4
"251",0.643709572906975,0.687438404122399,9,"jacard","asmany",6,4,3,4
"252",0.962151435816109,0.962151435816109,0,"manhattan","leasthalf",6,4,3,4
"253",0.962151435816109,0.962151435816109,0,"euclidean","leasthalf",6,4,3,4
"254",0.925973198032155,0.925973198032155,0,"cosine","leasthalf",6,4,3,4
"255",0.863012437317119,0.863012437317119,0,"dice","leasthalf",6,4,3,4
"256",0.991034165215375,0.991034165215375,0,"jacard","leasthalf",6,4,3,4
"257",0.79967352611853,0.860037669200168,1,"manhattan","most",6,4,3,4
"258",0.79967352611853,0.860037669200168,1,"euclidean","most",6,4,3,4
"259",0.729344995709179,0.831710387950409,1,"cosine","most",6,4,3,4
"260",0.563518909210426,0.581901061796412,9,"dice","most",6,4,3,4
"261",0.913700436482559,0.913700436482559,0,"jacard","most",6,4,3,4
"262",0.491527662327927,0.833738437745483,2,"manhattan","asmany",6,4,3,4
"263",0.491527662327927,0.833738437745483,2,"euclidean","asmany",6,4,3,4
"264",0.389105017442925,0.752113607662898,9,"cosine","asmany",6,4,3,4
"265",0.458053726964337,0.515204472396005,9,"dice","asmany",6,4,3,4
"266",0.643709572906975,0.687438404122399,9,"jacard","asmany",6,4,3,4
"267",0.962151435816109,0.962151435816109,0,"manhattan","leasthalf",6,4,3,4
"268",0.962151435816109,0.962151435816109,0,"euclidean","leasthalf",6,4,3,4
"269",0.925973198032155,0.925973198032155,0,"cosine","leasthalf",6,4,3,4
"270",0.863012437317119,0.863012437317119,0,"dice","leasthalf",6,4,3,4
"271",0.991034165215375,0.991034165215375,0,"jacard","leasthalf",6,4,3,4
"272",0.79967352611853,0.860037669200168,1,"manhattan","most",6,4,3,4
"273",0.79967352611853,0.860037669200168,1,"euclidean","most",6,4,3,4
"274",0.729344995709179,0.831710387950409,1,"cosine","most",6,4,3,4
"275",0.563518909210426,0.581901061796412,9,"dice","most",6,4,3,4
"276",0.913700436482559,0.913700436482559,0,"jacard","most",6,4,3,4
"277",0.491527662327927,0.833738437745483,2,"manhattan","asmany",6,4,3,4
"278",0.491527662327927,0.833738437745483,2,"euclidean","asmany",6,4,3,4
"279",0.389105017442925,0.752113607662898,9,"cosine","asmany",6,4,3,4
"280",0.458053726964337,0.515204472396005,9,"dice","asmany",6,4,3,4
"281",0.643709572906975,0.687438404122399,9,"jacard","asmany",6,4,3,4
"282",0.962151435816109,0.962151435816109,0,"manhattan","leasthalf",6,4,3,4
"283",0.962151435816109,0.962151435816109,0,"euclidean","leasthalf",6,4,3,4
"284",0.925973198032155,0.925973198032155,0,"cosine","leasthalf",6,4,3,4
"285",0.863012437317119,0.863012437317119,0,"dice","leasthalf",6,4,3,4
"286",0.991034165215375,0.991034165215375,0,"jacard","leasthalf",6,4,3,4
"287",0.79967352611853,0.860037669200168,1,"manhattan","most",6,4,3,4
"288",0.79967352611853,0.860037669200168,1,"euclidean","most",6,4,3,4
"289",0.729344995709179,0.831710387950409,1,"cosine","most",6,4,3,4
"290",0.563518909210426,0.581901061796412,9,"dice","most",6,4,3,4
"291",0.913700436482559,0.913700436482559,0,"jacard","most",6,4,3,4
"292",0.491527662327927,0.833738437745483,2,"manhattan","asmany",6,4,3,4
"293",0.491527662327927,0.833738437745483,2,"euclidean","asmany",6,4,3,4
"294",0.389105017442925,0.752113607662898,9,"cosine","asmany",6,4,3,4
"295",0.458053726964337,0.515204472396005,9,"dice","asmany",6,4,3,4
"296",0.643709572906975,0.687438404122399,9,"jacard","asmany",6,4,3,4
"297",0.962151435816109,0.962151435816109,0,"manhattan","leasthalf",6,4,3,4
"298",0.962151435816109,0.962151435816109,0,"euclidean","leasthalf",6,4,3,4
"299",0.925973198032155,0.925973198032155,0,"cosine","leasthalf",6,4,3,4
"300",0.863012437317119,0.863012437317119,0,"dice","leasthalf",6,4,3,4
"301",0.991034165215375,0.991034165215375,0,"jacard","leasthalf",6,4,3,4
"302",0.79967352611853,0.860037669200168,1,"manhattan","most",6,4,3,4
"303",0.79967352611853,0.860037669200168,1,"euclidean","most",6,4,3,4
"304",0.729344995709179,0.831710387950409,1,"cosine","most",6,4,3,4
"305",0.563518909210426,0.581901061796412,9,"dice","most",6,4,3,4
"306",0.913700436482559,0.913700436482559,0,"jacard","most",6,4,3,4
"307",0.491527662327927,0.833738437745483,2,"manhattan","asmany",6,4,3,4
"308",0.491527662327927,0.833738437745483,2,"euclidean","asmany",6,4,3,4
"309",0.389105017442925,0.752113607662898,9,"cosine","asmany",6,4,3,4
"310",0.458053726964337,0.515204472396005,9,"dice","asmany",6,4,3,4
"311",0.643709572906975,0.687438404122399,9,"jacard","asmany",6,4,3,4
"312",0.962151435816109,0.962151435816109,0,"manhattan","leasthalf",6,4,3,4
"313",0.962151435816109,0.962151435816109,0,"euclidean","leasthalf",6,4,3,4
"314",0.925973198032155,0.925973198032155,0,"cosine","leasthalf",6,4,3,4
"315",0.863012437317119,0.863012437317119,0,"dice","leasthalf",6,4,3,4
"316",0.991034165215375,0.991034165215375,0,"jacard","leasthalf",6,4,3,4
"317",0.79967352611853,0.860037669200168,1,"manhattan","most",6,4,3,4
"318",0.79967352611853,0.860037669200168,1,"euclidean","most",6,4,3,4
"319",0.729344995709179,0.831710387950409,1,"cosine","most",6,4,3,4
"320",0.563518909210426,0.581901061796412,9,"dice","most",6,4,3,4
"321",0.913700436482559,0.913700436482559,0,"jacard","most",6,4,3,4
"322",0.491527662327927,0.833738437745483,2,"manhattan","asmany",6,4,3,4
"323",0.491527662327927,0.833738437745483,2,"euclidean","asmany",6,4,3,4
"324",0.389105017442925,0.752113607662898,9,"cosine","asmany",6,4,3,4
"325",0.458053726964337,0.515204472396005,9,"dice","asmany",6,4,3,4
"326",0.643709572906975,0.687438404122399,9,"jacard","asmany",6,4,3,4
"327",0.962151435816109,0.962151435816109,0,"manhattan","leasthalf",6,4,3,4
"328",0.962151435816109,0.962151435816109,0,"euclidean","leasthalf",6,4,3,4
"329",0.925973198032155,0.925973198032155,0,"cosine","leasthalf",6,4,3,4
"330",0.863012437317119,0.863012437317119,0,"dice","leasthalf",6,4,3,4
"331",0.991034165215375,0.991034165215375,0,"jacard","leasthalf",6,4,3,4
"332",0.79967352611853,0.860037669200168,1,"manhattan","most",6,4,3,4
"333",0.79967352611853,0.860037669200168,1,"euclidean","most",6,4,3,4
"334",0.729344995709179,0.831710387950409,1,"cosine","most",6,4,3,4
"335",0.563518909210426,0.581901061796412,9,"dice","most",6,4,3,4
"336",0.913700436482559,0.913700436482559,0,"jacard","most",6,4,3,4
"337",0.419607863311345,0.813353802463799,2,"manhattan","asmany",6,6,3,5
"338",0.419607863311345,0.813353802463799,2,"euclidean","asmany",6,6,3,5
"339",0.339171604726938,0.711174349150164,9,"cosine","asmany",6,6,3,5
"340",0.411481911367156,0.513303449975763,9,"dice","asmany",6,6,3,5
"341",0.557208486337077,0.557208486337077,9,"jacard","asmany",6,6,3,5
"342",0.941024612366325,0.941024612366325,0,"manhattan","leasthalf",6,6,3,5
"343",0.941024612366325,0.941024612366325,0,"euclidean","leasthalf",6,6,3,5
"344",0.903281708704333,0.903281708704333,0,"cosine","leasthalf",6,6,3,5
"345",0.855103866195004,0.855103866195004,0,"dice","leasthalf",6,6,3,5
"346",0.987809602018383,0.987809602018383,0,"jacard","leasthalf",6,6,3,5
"347",0.772651407643739,0.852519574095895,1,"manhattan","most",6,6,3,5
"348",0.772651407643739,0.852519574095895,1,"euclidean","most",6,6,3,5
"349",0.738238648780557,0.840311751963797,1,"cosine","most",6,6,3,5
"350",0.578168537888675,0.597564073694958,9,"dice","most",6,6,3,5
"351",0.925344743912537,0.925344743912537,0,"jacard","most",6,6,3,5
"352",0.419607863311345,0.813353802463799,2,"manhattan","asmany",6,6,3,5
"353",0.419607863311345,0.813353802463799,2,"euclidean","asmany",6,6,3,5
"354",0.339171604726938,0.711174349150164,9,"cosine","asmany",6,6,3,5
"355",0.411481911367156,0.513303449975763,9,"dice","asmany",6,6,3,5
"356",0.557208486337077,0.557208486337077,9,"jacard","asmany",6,6,3,5
"357",0.941024612366325,0.941024612366325,0,"manhattan","leasthalf",6,6,3,5
"358",0.941024612366325,0.941024612366325,0,"euclidean","leasthalf",6,6,3,5
"359",0.903281708704333,0.903281708704333,0,"cosine","leasthalf",6,6,3,5
"360",0.855103866195004,0.855103866195004,0,"dice","leasthalf",6,6,3,5
"361",0.987809602018383,0.987809602018383,0,"jacard","leasthalf",6,6,3,5
"362",0.772651407643739,0.852519574095895,1,"manhattan","most",6,6,3,5
"363",0.772651407643739,0.852519574095895,1,"euclidean","most",6,6,3,5
"364",0.738238648780557,0.840311751963797,1,"cosine","most",6,6,3,5
"365",0.578168537888675,0.597564073694958,9,"dice","most",6,6,3,5
"366",0.925344743912537,0.925344743912537,0,"jacard","most",6,6,3,5
"367",0.419607863311345,0.813353802463799,2,"manhattan","asmany",6,6,3,5
"368",0.419607863311345,0.813353802463799,2,"euclidean","asmany",6,6,3,5
"369",0.339171604726938,0.711174349150164,9,"cosine","asmany",6,6,3,5
"370",0.411481911367156,0.513303449975763,9,"dice","asmany",6,6,3,5
"371",0.557208486337077,0.557208486337077,9,"jacard","asmany",6,6,3,5
"372",0.941024612366325,0.941024612366325,0,"manhattan","leasthalf",6,6,3,5
"373",0.941024612366325,0.941024612366325,0,"euclidean","leasthalf",6,6,3,5
"374",0.903281708704333,0.903281708704333,0,"cosine","leasthalf",6,6,3,5
"375",0.855103866195004,0.855103866195004,0,"dice","leasthalf",6,6,3,5
"376",0.987809602018383,0.987809602018383,0,"jacard","leasthalf",6,6,3,5
"377",0.772651407643739,0.852519574095895,1,"manhattan","most",6,6,3,5
"378",0.772651407643739,0.852519574095895,1,"euclidean","most",6,6,3,5
"379",0.738238648780557,0.840311751963797,1,"cosine","most",6,6,3,5
"380",0.578168537888675,0.597564073694958,9,"dice","most",6,6,3,5
"381",0.925344743912537,0.925344743912537,0,"jacard","most",6,6,3,5
"382",0.419607863311345,0.813353802463799,2,"manhattan","asmany",6,6,3,5
"383",0.419607863311345,0.813353802463799,2,"euclidean","asmany",6,6,3,5
"384",0.339171604726938,0.711174349150164,9,"cosine","asmany",6,6,3,5
"385",0.411481911367156,0.513303449975763,9,"dice","asmany",6,6,3,5
"386",0.557208486337077,0.557208486337077,9,"jacard","asmany",6,6,3,5
"387",0.941024612366325,0.941024612366325,0,"manhattan","leasthalf",6,6,3,5
"388",0.941024612366325,0.941024612366325,0,"euclidean","leasthalf",6,6,3,5
"389",0.903281708704333,0.903281708704333,0,"cosine","leasthalf",6,6,3,5
"390",0.855103866195004,0.855103866195004,0,"dice","leasthalf",6,6,3,5
"391",0.987809602018383,0.987809602018383,0,"jacard","leasthalf",6,6,3,5
"392",0.772651407643739,0.852519574095895,1,"manhattan","most",6,6,3,5
"393",0.772651407643739,0.852519574095895,1,"euclidean","most",6,6,3,5
"394",0.738238648780557,0.840311751963797,1,"cosine","most",6,6,3,5
"395",0.578168537888675,0.597564073694958,9,"dice","most",6,6,3,5
"396",0.925344743912537,0.925344743912537,0,"jacard","most",6,6,3,5
"397",0.419607863311345,0.813353802463799,2,"manhattan","asmany",6,6,3,5
"398",0.419607863311345,0.813353802463799,2,"euclidean","asmany",6,6,3,5
"399",0.339171604726938,0.711174349150164,9,"cosine","asmany",6,6,3,5
"400",0.411481911367156,0.513303449975763,9,"dice","asmany",6,6,3,5
"401",0.557208486337077,0.557208486337077,9,"jacard","asmany",6,6,3,5
"402",0.941024612366325,0.941024612366325,0,"manhattan","leasthalf",6,6,3,5
"403",0.941024612366325,0.941024612366325,0,"euclidean","leasthalf",6,6,3,5
"404",0.903281708704333,0.903281708704333,0,"cosine","leasthalf",6,6,3,5
"405",0.855103866195004,0.855103866195004,0,"dice","leasthalf",6,6,3,5
"406",0.987809602018383,0.987809602018383,0,"jacard","leasthalf",6,6,3,5
"407",0.772651407643739,0.852519574095895,1,"manhattan","most",6,6,3,5
"408",0.772651407643739,0.852519574095895,1,"euclidean","most",6,6,3,5
"409",0.738238648780557,0.840311751963797,1,"cosine","most",6,6,3,5
"410",0.578168537888675,0.597564073694958,9,"dice","most",6,6,3,5
"411",0.925344743912537,0.925344743912537,0,"jacard","most",6,6,3,5
"412",0.419607863311345,0.813353802463799,2,"manhattan","asmany",6,6,3,5
"413",0.419607863311345,0.813353802463799,2,"euclidean","asmany",6,6,3,5
"414",0.339171604726938,0.711174349150164,9,"cosine","asmany",6,6,3,5
"415",0.411481911367156,0.513303449975763,9,"dice","asmany",6,6,3,5
"416",0.557208486337077,0.557208486337077,9,"jacard","asmany",6,6,3,5
"417",0.941024612366325,0.941024612366325,0,"manhattan","leasthalf",6,6,3,5
"418",0.941024612366325,0.941024612366325,0,"euclidean","leasthalf",6,6,3,5
"419",0.903281708704333,0.903281708704333,0,"cosine","leasthalf",6,6,3,5
"420",0.855103866195004,0.855103866195004,0,"dice","leasthalf",6,6,3,5
"421",0.987809602018383,0.987809602018383,0,"jacard","leasthalf",6,6,3,5
"422",0.772651407643739,0.852519574095895,1,"manhattan","most",6,6,3,5
"423",0.772651407643739,0.852519574095895,1,"euclidean","most",6,6,3,5
"424",0.738238648780557,0.840311751963797,1,"cosine","most",6,6,3,5
"425",0.578168537888675,0.597564073694958,9,"dice","most",6,6,3,5
"426",0.925344743912537,0.925344743912537,0,"jacard","most",6,6,3,5
"427",0.455213880130378,0.820978342765042,2,"manhattan","asmany",6,8,3,6
"428",0.455213880130378,0.820978342765042,2,"euclidean","asmany",6,8,3,6
"429",0.444417695628619,0.51493528742545,9,"dice","asmany",6,8,3,6
"430",0.947527151150141,0.947527151150141,0,"manhattan","leasthalf",6,8,3,6
"431",0.947527151150141,0.947527151150141,0,"euclidean","leasthalf",6,8,3,6
"432",0.913370964958884,0.913370964958884,0,"cosine","leasthalf",6,8,3,6
"433",0.839139308114879,0.839139308114879,0,"dice","leasthalf",6,8,3,6
"434",0.987560351382458,0.987560351382458,0,"jacard","leasthalf",6,8,3,6
"435",0.758521501269101,0.850677630083024,1,"manhattan","most",6,8,3,6
"436",0.758521501269101,0.850677630083024,1,"euclidean","most",6,8,3,6
"437",0.716785378003317,0.837176823916896,1,"cosine","most",6,8,3,6
"438",0.576142355534301,0.594953878890273,9,"dice","most",6,8,3,6
"439",0.90605798712506,0.90605798712506,0,"jacard","most",6,8,3,6
"440",0.455213880130378,0.820978342765042,2,"manhattan","asmany",6,8,3,6
"441",0.455213880130378,0.820978342765042,2,"euclidean","asmany",6,8,3,6
"442",0.444417695628619,0.51493528742545,9,"dice","asmany",6,8,3,6
"443",0.947527151150141,0.947527151150141,0,"manhattan","leasthalf",6,8,3,6
"444",0.947527151150141,0.947527151150141,0,"euclidean","leasthalf",6,8,3,6
"445",0.913370964958884,0.913370964958884,0,"cosine","leasthalf",6,8,3,6
"446",0.839139308114879,0.839139308114879,0,"dice","leasthalf",6,8,3,6
"447",0.987560351382458,0.987560351382458,0,"jacard","leasthalf",6,8,3,6
"448",0.758521501269101,0.850677630083024,1,"manhattan","most",6,8,3,6
"449",0.758521501269101,0.850677630083024,1,"euclidean","most",6,8,3,6
"450",0.716785378003317,0.837176823916896,1,"cosine","most",6,8,3,6
"451",0.576142355534301,0.594953878890273,9,"dice","most",6,8,3,6
"452",0.90605798712506,0.90605798712506,0,"jacard","most",6,8,3,6
"453",0.455213880130378,0.820978342765042,2,"manhattan","asmany",6,8,3,6
"454",0.455213880130378,0.820978342765042,2,"euclidean","asmany",6,8,3,6
"455",0.444417695628619,0.51493528742545,9,"dice","asmany",6,8,3,6
"456",0.947527151150141,0.947527151150141,0,"manhattan","leasthalf",6,8,3,6
"457",0.947527151150141,0.947527151150141,0,"euclidean","leasthalf",6,8,3,6
"458",0.913370964958884,0.913370964958884,0,"cosine","leasthalf",6,8,3,6
"459",0.839139308114879,0.839139308114879,0,"dice","leasthalf",6,8,3,6
"460",0.987560351382458,0.987560351382458,0,"jacard","leasthalf",6,8,3,6
"461",0.758521501269101,0.850677630083024,1,"manhattan","most",6,8,3,6
"462",0.758521501269101,0.850677630083024,1,"euclidean","most",6,8,3,6
"463",0.716785378003317,0.837176823916896,1,"cosine","most",6,8,3,6
"464",0.576142355534301,0.594953878890273,9,"dice","most",6,8,3,6
"465",0.90605798712506,0.90605798712506,0,"jacard","most",6,8,3,6
"466",0.455213880130378,0.820978342765042,2,"manhattan","asmany",6,8,3,6
"467",0.455213880130378,0.820978342765042,2,"euclidean","asmany",6,8,3,6
"468",0.444417695628619,0.51493528742545,9,"dice","asmany",6,8,3,6
"469",0.947527151150141,0.947527151150141,0,"manhattan","leasthalf",6,8,3,6
"470",0.947527151150141,0.947527151150141,0,"euclidean","leasthalf",6,8,3,6
"471",0.913370964958884,0.913370964958884,0,"cosine","leasthalf",6,8,3,6
"472",0.839139308114879,0.839139308114879,0,"dice","leasthalf",6,8,3,6
"473",0.987560351382458,0.987560351382458,0,"jacard","leasthalf",6,8,3,6
"474",0.758521501269101,0.850677630083024,1,"manhattan","most",6,8,3,6
"475",0.758521501269101,0.850677630083024,1,"euclidean","most",6,8,3,6
"476",0.716785378003317,0.837176823916896,1,"cosine","most",6,8,3,6
"477",0.576142355534301,0.594953878890273,9,"dice","most",6,8,3,6
"478",0.90605798712506,0.90605798712506,0,"jacard","most",6,8,3,6
"479",0.455213880130378,0.820978342765042,2,"manhattan","asmany",6,8,3,6
"480",0.455213880130378,0.820978342765042,2,"euclidean","asmany",6,8,3,6
"481",0.444417695628619,0.51493528742545,9,"dice","asmany",6,8,3,6
"482",0.947527151150141,0.947527151150141,0,"manhattan","leasthalf",6,8,3,6
"483",0.947527151150141,0.947527151150141,0,"euclidean","leasthalf",6,8,3,6
"484",0.913370964958884,0.913370964958884,0,"cosine","leasthalf",6,8,3,6
"485",0.839139308114879,0.839139308114879,0,"dice","leasthalf",6,8,3,6
"486",0.987560351382458,0.987560351382458,0,"jacard","leasthalf",6,8,3,6
"487",0.758521501269101,0.850677630083024,1,"manhattan","most",6,8,3,6
"488",0.758521501269101,0.850677630083024,1,"euclidean","most",6,8,3,6
"489",0.716785378003317,0.837176823916896,1,"cosine","most",6,8,3,6
"490",0.576142355534301,0.594953878890273,9,"dice","most",6,8,3,6
"491",0.90605798712506,0.90605798712506,0,"jacard","most",6,8,3,6
"492",0.455213880130378,0.820978342765042,2,"manhattan","asmany",6,8,3,6
"493",0.455213880130378,0.820978342765042,2,"euclidean","asmany",6,8,3,6
"494",0.444417695628619,0.51493528742545,9,"dice","asmany",6,8,3,6
"495",0.947527151150141,0.947527151150141,0,"manhattan","leasthalf",6,8,3,6
"496",0.947527151150141,0.947527151150141,0,"euclidean","leasthalf",6,8,3,6
"497",0.913370964958884,0.913370964958884,0,"cosine","leasthalf",6,8,3,6
"498",0.839139308114879,0.839139308114879,0,"dice","leasthalf",6,8,3,6
"499",0.987560351382458,0.987560351382458,0,"jacard","leasthalf",6,8,3,6
"500",0.758521501269101,0.850677630083024,1,"manhattan","most",6,8,3,6
"501",0.758521501269101,0.850677630083024,1,"euclidean","most",6,8,3,6
"502",0.716785378003317,0.837176823916896,1,"cosine","most",6,8,3,6
"503",0.576142355534301,0.594953878890273,9,"dice","most",6,8,3,6
"504",0.90605798712506,0.90605798712506,0,"jacard","most",6,8,3,6
"505",0.419261597892425,0.833411423686812,2,"manhattan","asmany",8,4,3,7
"506",0.419261597892425,0.833411423686812,2,"euclidean","asmany",8,4,3,7
"507",0.328567413081685,0.737142012748747,9,"cosine","asmany",8,4,3,7
"508",0.446775117404296,0.515654744683081,9,"dice","asmany",8,4,3,7
"509",0.574481455194368,0.654492565995576,9,"jacard","asmany",8,4,3,7
"510",0.93915664984767,0.93915664984767,0,"manhattan","leasthalf",8,4,3,7
"511",0.93915664984767,0.93915664984767,0,"euclidean","leasthalf",8,4,3,7
"512",0.907476991954388,0.907476991954388,0,"cosine","leasthalf",8,4,3,7
"513",0.847078547438334,0.847078547438334,0,"dice","leasthalf",8,4,3,7
"514",0.987774545910504,0.987774545910504,0,"jacard","leasthalf",8,4,3,7
"515",0.754371644687769,0.850780315921489,1,"manhattan","most",8,4,3,7
"516",0.754371644687769,0.850780315921489,1,"euclidean","most",8,4,3,7
"517",0.70408985353395,0.829378803154432,1,"cosine","most",8,4,3,7
"518",0.571192720282225,0.590469651649199,9,"dice","most",8,4,3,7
"519",0.902280200183039,0.902280200183039,0,"jacard","most",8,4,3,7
"520",0.419261597892425,0.833411423686812,2,"manhattan","asmany",8,4,3,7
"521",0.419261597892425,0.833411423686812,2,"euclidean","asmany",8,4,3,7
"522",0.328567413081685,0.737142012748747,9,"cosine","asmany",8,4,3,7
"523",0.446775117404296,0.515654744683081,9,"dice","asmany",8,4,3,7
"524",0.574481455194368,0.654492565995576,9,"jacard","asmany",8,4,3,7
"525",0.93915664984767,0.93915664984767,0,"manhattan","leasthalf",8,4,3,7
"526",0.93915664984767,0.93915664984767,0,"euclidean","leasthalf",8,4,3,7
"527",0.907476991954388,0.907476991954388,0,"cosine","leasthalf",8,4,3,7
"528",0.847078547438334,0.847078547438334,0,"dice","leasthalf",8,4,3,7
"529",0.987774545910504,0.987774545910504,0,"jacard","leasthalf",8,4,3,7
"530",0.754371644687769,0.850780315921489,1,"manhattan","most",8,4,3,7
"531",0.754371644687769,0.850780315921489,1,"euclidean","most",8,4,3,7
"532",0.70408985353395,0.829378803154432,1,"cosine","most",8,4,3,7
"533",0.571192720282225,0.590469651649199,9,"dice","most",8,4,3,7
"534",0.902280200183039,0.902280200183039,0,"jacard","most",8,4,3,7
"535",0.419261597892425,0.833411423686812,2,"manhattan","asmany",8,4,3,7
"536",0.419261597892425,0.833411423686812,2,"euclidean","asmany",8,4,3,7
"537",0.328567413081685,0.737142012748747,9,"cosine","asmany",8,4,3,7
"538",0.446775117404296,0.515654744683081,9,"dice","asmany",8,4,3,7
"539",0.574481455194368,0.654492565995576,9,"jacard","asmany",8,4,3,7
"540",0.93915664984767,0.93915664984767,0,"manhattan","leasthalf",8,4,3,7
"541",0.93915664984767,0.93915664984767,0,"euclidean","leasthalf",8,4,3,7
"542",0.907476991954388,0.907476991954388,0,"cosine","leasthalf",8,4,3,7
"543",0.847078547438334,0.847078547438334,0,"dice","leasthalf",8,4,3,7
"544",0.987774545910504,0.987774545910504,0,"jacard","leasthalf",8,4,3,7
"545",0.754371644687769,0.850780315921489,1,"manhattan","most",8,4,3,7
"546",0.754371644687769,0.850780315921489,1,"euclidean","most",8,4,3,7
"547",0.70408985353395,0.829378803154432,1,"cosine","most",8,4,3,7
"548",0.571192720282225,0.590469651649199,9,"dice","most",8,4,3,7
"549",0.902280200183039,0.902280200183039,0,"jacard","most",8,4,3,7
"550",0.419261597892425,0.833411423686812,2,"manhattan","asmany",8,4,3,7
"551",0.419261597892425,0.833411423686812,2,"euclidean","asmany",8,4,3,7
"552",0.328567413081685,0.737142012748747,9,"cosine","asmany",8,4,3,7
"553",0.446775117404296,0.515654744683081,9,"dice","asmany",8,4,3,7
"554",0.574481455194368,0.654492565995576,9,"jacard","asmany",8,4,3,7
"555",0.93915664984767,0.93915664984767,0,"manhattan","leasthalf",8,4,3,7
"556",0.93915664984767,0.93915664984767,0,"euclidean","leasthalf",8,4,3,7
"557",0.907476991954388,0.907476991954388,0,"cosine","leasthalf",8,4,3,7
"558",0.847078547438334,0.847078547438334,0,"dice","leasthalf",8,4,3,7
"559",0.987774545910504,0.987774545910504,0,"jacard","leasthalf",8,4,3,7
"560",0.754371644687769,0.850780315921489,1,"manhattan","most",8,4,3,7
"561",0.754371644687769,0.850780315921489,1,"euclidean","most",8,4,3,7
"562",0.70408985353395,0.829378803154432,1,"cosine","most",8,4,3,7
"563",0.571192720282225,0.590469651649199,9,"dice","most",8,4,3,7
"564",0.902280200183039,0.902280200183039,0,"jacard","most",8,4,3,7
"565",0.419261597892425,0.833411423686812,2,"manhattan","asmany",8,4,3,7
"566",0.419261597892425,0.833411423686812,2,"euclidean","asmany",8,4,3,7
"567",0.328567413081685,0.737142012748747,9,"cosine","asmany",8,4,3,7
"568",0.446775117404296,0.515654744683081,9,"dice","asmany",8,4,3,7
"569",0.574481455194368,0.654492565995576,9,"jacard","asmany",8,4,3,7
"570",0.93915664984767,0.93915664984767,0,"manhattan","leasthalf",8,4,3,7
"571",0.93915664984767,0.93915664984767,0,"euclidean","leasthalf",8,4,3,7
"572",0.907476991954388,0.907476991954388,0,"cosine","leasthalf",8,4,3,7
"573",0.847078547438334,0.847078547438334,0,"dice","leasthalf",8,4,3,7
"574",0.987774545910504,0.987774545910504,0,"jacard","leasthalf",8,4,3,7
"575",0.754371644687769,0.850780315921489,1,"manhattan","most",8,4,3,7
"576",0.754371644687769,0.850780315921489,1,"euclidean","most",8,4,3,7
"577",0.70408985353395,0.829378803154432,1,"cosine","most",8,4,3,7
"578",0.571192720282225,0.590469651649199,9,"dice","most",8,4,3,7
"579",0.902280200183039,0.902280200183039,0,"jacard","most",8,4,3,7
"580",0.419261597892425,0.833411423686812,2,"manhattan","asmany",8,4,3,7
"581",0.419261597892425,0.833411423686812,2,"euclidean","asmany",8,4,3,7
"582",0.328567413081685,0.737142012748747,9,"cosine","asmany",8,4,3,7
"583",0.446775117404296,0.515654744683081,9,"dice","asmany",8,4,3,7
"584",0.574481455194368,0.654492565995576,9,"jacard","asmany",8,4,3,7
"585",0.93915664984767,0.93915664984767,0,"manhattan","leasthalf",8,4,3,7
"586",0.93915664984767,0.93915664984767,0,"euclidean","leasthalf",8,4,3,7
"587",0.907476991954388,0.907476991954388,0,"cosine","leasthalf",8,4,3,7
"588",0.847078547438334,0.847078547438334,0,"dice","leasthalf",8,4,3,7
"589",0.987774545910504,0.987774545910504,0,"jacard","leasthalf",8,4,3,7
"590",0.754371644687769,0.850780315921489,1,"manhattan","most",8,4,3,7
"591",0.754371644687769,0.850780315921489,1,"euclidean","most",8,4,3,7
"592",0.70408985353395,0.829378803154432,1,"cosine","most",8,4,3,7
"593",0.571192720282225,0.590469651649199,9,"dice","most",8,4,3,7
"594",0.902280200183039,0.902280200183039,0,"jacard","most",8,4,3,7
"595",0.424709152422535,0.827140490299856,2,"manhattan","asmany",8,6,3,8
"596",0.424709152422535,0.827140490299856,2,"euclidean","asmany",8,6,3,8
"597",0.343199807327583,0.769696240486169,9,"cosine","asmany",8,6,3,8
"598",0.426441353286318,0.512341920677645,9,"dice","asmany",8,6,3,8
"599",0.581274596986659,0.610929937769345,9,"jacard","asmany",8,6,3,8
"600",0.947754505612344,0.947754505612344,0,"manhattan","leasthalf",8,6,3,8
"601",0.947754505612344,0.947754505612344,0,"euclidean","leasthalf",8,6,3,8
"602",0.910642967565999,0.910642967565999,0,"cosine","leasthalf",8,6,3,8
"603",0.84121547040947,0.84121547040947,0,"dice","leasthalf",8,6,3,8
"604",0.988463589566814,0.988463589566814,0,"jacard","leasthalf",8,6,3,8
"605",0.720101492556588,0.841156177934605,1,"manhattan","most",8,6,3,8
"606",0.720101492556588,0.841156177934605,1,"euclidean","most",8,6,3,8
"607",0.683172425970287,0.827018169170285,1,"cosine","most",8,6,3,8
"608",0.577215559231095,0.598625028827673,9,"dice","most",8,6,3,8
"609",0.890849322360197,0.890849322360197,0,"jacard","most",8,6,3,8
"610",0.424709152422535,0.827140490299856,2,"manhattan","asmany",8,6,3,8
"611",0.424709152422535,0.827140490299856,2,"euclidean","asmany",8,6,3,8
"612",0.343199807327583,0.769696240486169,9,"cosine","asmany",8,6,3,8
"613",0.426441353286318,0.512341920677645,9,"dice","asmany",8,6,3,8
"614",0.581274596986659,0.610929937769345,9,"jacard","asmany",8,6,3,8
"615",0.947754505612344,0.947754505612344,0,"manhattan","leasthalf",8,6,3,8
"616",0.947754505612344,0.947754505612344,0,"euclidean","leasthalf",8,6,3,8
"617",0.910642967565999,0.910642967565999,0,"cosine","leasthalf",8,6,3,8
"618",0.84121547040947,0.84121547040947,0,"dice","leasthalf",8,6,3,8
"619",0.988463589566814,0.988463589566814,0,"jacard","leasthalf",8,6,3,8
"620",0.720101492556588,0.841156177934605,1,"manhattan","most",8,6,3,8
"621",0.720101492556588,0.841156177934605,1,"euclidean","most",8,6,3,8
"622",0.683172425970287,0.827018169170285,1,"cosine","most",8,6,3,8
"623",0.577215559231095,0.598625028827673,9,"dice","most",8,6,3,8
"624",0.890849322360197,0.890849322360197,0,"jacard","most",8,6,3,8
"625",0.424709152422535,0.827140490299856,2,"manhattan","asmany",8,6,3,8
"626",0.424709152422535,0.827140490299856,2,"euclidean","asmany",8,6,3,8
"627",0.343199807327583,0.769696240486169,9,"cosine","asmany",8,6,3,8
"628",0.426441353286318,0.512341920677645,9,"dice","asmany",8,6,3,8
"629",0.581274596986659,0.610929937769345,9,"jacard","asmany",8,6,3,8
"630",0.947754505612344,0.947754505612344,0,"manhattan","leasthalf",8,6,3,8
"631",0.947754505612344,0.947754505612344,0,"euclidean","leasthalf",8,6,3,8
"632",0.910642967565999,0.910642967565999,0,"cosine","leasthalf",8,6,3,8
"633",0.84121547040947,0.84121547040947,0,"dice","leasthalf",8,6,3,8
"634",0.988463589566814,0.988463589566814,0,"jacard","leasthalf",8,6,3,8
"635",0.720101492556588,0.841156177934605,1,"manhattan","most",8,6,3,8
"636",0.720101492556588,0.841156177934605,1,"euclidean","most",8,6,3,8
"637",0.683172425970287,0.827018169170285,1,"cosine","most",8,6,3,8
"638",0.577215559231095,0.598625028827673,9,"dice","most",8,6,3,8
"639",0.890849322360197,0.890849322360197,0,"jacard","most",8,6,3,8
"640",0.424709152422535,0.827140490299856,2,"manhattan","asmany",8,6,3,8
"641",0.424709152422535,0.827140490299856,2,"euclidean","asmany",8,6,3,8
"642",0.343199807327583,0.769696240486169,9,"cosine","asmany",8,6,3,8
"643",0.426441353286318,0.512341920677645,9,"dice","asmany",8,6,3,8
"644",0.581274596986659,0.610929937769345,9,"jacard","asmany",8,6,3,8
"645",0.947754505612344,0.947754505612344,0,"manhattan","leasthalf",8,6,3,8
"646",0.947754505612344,0.947754505612344,0,"euclidean","leasthalf",8,6,3,8
"647",0.910642967565999,0.910642967565999,0,"cosine","leasthalf",8,6,3,8
"648",0.84121547040947,0.84121547040947,0,"dice","leasthalf",8,6,3,8
"649",0.988463589566814,0.988463589566814,0,"jacard","leasthalf",8,6,3,8
"650",0.720101492556588,0.841156177934605,1,"manhattan","most",8,6,3,8
"651",0.720101492556588,0.841156177934605,1,"euclidean","most",8,6,3,8
"652",0.683172425970287,0.827018169170285,1,"cosine","most",8,6,3,8
"653",0.577215559231095,0.598625028827673,9,"dice","most",8,6,3,8
"654",0.890849322360197,0.890849322360197,0,"jacard","most",8,6,3,8
"655",0.424709152422535,0.827140490299856,2,"manhattan","asmany",8,6,3,8
"656",0.424709152422535,0.827140490299856,2,"euclidean","asmany",8,6,3,8
"657",0.343199807327583,0.769696240486169,9,"cosine","asmany",8,6,3,8
"658",0.426441353286318,0.512341920677645,9,"dice","asmany",8,6,3,8
"659",0.581274596986659,0.610929937769345,9,"jacard","asmany",8,6,3,8
"660",0.947754505612344,0.947754505612344,0,"manhattan","leasthalf",8,6,3,8
"661",0.947754505612344,0.947754505612344,0,"euclidean","leasthalf",8,6,3,8
"662",0.910642967565999,0.910642967565999,0,"cosine","leasthalf",8,6,3,8
"663",0.84121547040947,0.84121547040947,0,"dice","leasthalf",8,6,3,8
"664",0.988463589566814,0.988463589566814,0,"jacard","leasthalf",8,6,3,8
"665",0.720101492556588,0.841156177934605,1,"manhattan","most",8,6,3,8
"666",0.720101492556588,0.841156177934605,1,"euclidean","most",8,6,3,8
"667",0.683172425970287,0.827018169170285,1,"cosine","most",8,6,3,8
"668",0.577215559231095,0.598625028827673,9,"dice","most",8,6,3,8
"669",0.890849322360197,0.890849322360197,0,"jacard","most",8,6,3,8
"670",0.424709152422535,0.827140490299856,2,"manhattan","asmany",8,6,3,8
"671",0.424709152422535,0.827140490299856,2,"euclidean","asmany",8,6,3,8
"672",0.343199807327583,0.769696240486169,9,"cosine","asmany",8,6,3,8
"673",0.426441353286318,0.512341920677645,9,"dice","asmany",8,6,3,8
"674",0.581274596986659,0.610929937769345,9,"jacard","asmany",8,6,3,8
"675",0.947754505612344,0.947754505612344,0,"manhattan","leasthalf",8,6,3,8
"676",0.947754505612344,0.947754505612344,0,"euclidean","leasthalf",8,6,3,8
"677",0.910642967565999,0.910642967565999,0,"cosine","leasthalf",8,6,3,8
"678",0.84121547040947,0.84121547040947,0,"dice","leasthalf",8,6,3,8
"679",0.988463589566814,0.988463589566814,0,"jacard","leasthalf",8,6,3,8
"680",0.720101492556588,0.841156177934605,1,"manhattan","most",8,6,3,8
"681",0.720101492556588,0.841156177934605,1,"euclidean","most",8,6,3,8
"682",0.683172425970287,0.827018169170285,1,"cosine","most",8,6,3,8
"683",0.577215559231095,0.598625028827673,9,"dice","most",8,6,3,8
"684",0.890849322360197,0.890849322360197,0,"jacard","most",8,6,3,8
"685",0.434024674957202,0.821352461713916,2,"manhattan","asmany",8,8,3,9
"686",0.434024674957202,0.821352461713916,2,"euclidean","asmany",8,8,3,9
"687",0.343389761053622,0.774544570179982,9,"cosine","asmany",8,8,3,9
"688",0.422893032885062,0.513392886572672,9,"dice","asmany",8,8,3,9
"689",0.581255257537583,0.581255257537583,9,"jacard","asmany",8,8,3,9
"690",0.939805789173988,0.939805789173988,0,"manhattan","leasthalf",8,8,3,9
"691",0.939805789173988,0.939805789173988,0,"euclidean","leasthalf",8,8,3,9
"692",0.903193405253394,0.903193405253394,0,"cosine","leasthalf",8,8,3,9
"693",0.854738362806887,0.854738362806887,0,"dice","leasthalf",8,8,3,9
"694",0.98423460563788,0.98423460563788,0,"jacard","leasthalf",8,8,3,9
"695",0.757650797752251,0.849208438311301,1,"manhattan","most",8,8,3,9
"696",0.757650797752251,0.849208438311301,1,"euclidean","most",8,8,3,9
"697",0.697451531348277,0.834614122537876,1,"cosine","most",8,8,3,9
"698",0.576326024613579,0.594773022631924,9,"dice","most",8,8,3,9
"699",0.901508270941362,0.901508270941362,0,"jacard","most",8,8,3,9
"700",0.434024674957202,0.821352461713916,2,"manhattan","asmany",8,8,3,9
"701",0.434024674957202,0.821352461713916,2,"euclidean","asmany",8,8,3,9
"702",0.343389761053622,0.774544570179982,9,"cosine","asmany",8,8,3,9
"703",0.422893032885062,0.513392886572672,9,"dice","asmany",8,8,3,9
"704",0.581255257537583,0.581255257537583,9,"jacard","asmany",8,8,3,9
"705",0.939805789173988,0.939805789173988,0,"manhattan","leasthalf",8,8,3,9
"706",0.939805789173988,0.939805789173988,0,"euclidean","leasthalf",8,8,3,9
"707",0.903193405253394,0.903193405253394,0,"cosine","leasthalf",8,8,3,9
"708",0.854738362806887,0.854738362806887,0,"dice","leasthalf",8,8,3,9
"709",0.98423460563788,0.98423460563788,0,"jacard","leasthalf",8,8,3,9
"710",0.757650797752251,0.849208438311301,1,"manhattan","most",8,8,3,9
"711",0.757650797752251,0.849208438311301,1,"euclidean","most",8,8,3,9
"712",0.697451531348277,0.834614122537876,1,"cosine","most",8,8,3,9
"713",0.576326024613579,0.594773022631924,9,"dice","most",8,8,3,9
"714",0.901508270941362,0.901508270941362,0,"jacard","most",8,8,3,9
"715",0.434024674957202,0.821352461713916,2,"manhattan","asmany",8,8,3,9
"716",0.434024674957202,0.821352461713916,2,"euclidean","asmany",8,8,3,9
"717",0.343389761053622,0.774544570179982,9,"cosine","asmany",8,8,3,9
"718",0.422893032885062,0.513392886572672,9,"dice","asmany",8,8,3,9
"719",0.581255257537583,0.581255257537583,9,"jacard","asmany",8,8,3,9
"720",0.939805789173988,0.939805789173988,0,"manhattan","leasthalf",8,8,3,9
"721",0.939805789173988,0.939805789173988,0,"euclidean","leasthalf",8,8,3,9
"722",0.903193405253394,0.903193405253394,0,"cosine","leasthalf",8,8,3,9
"723",0.854738362806887,0.854738362806887,0,"dice","leasthalf",8,8,3,9
"724",0.98423460563788,0.98423460563788,0,"jacard","leasthalf",8,8,3,9
"725",0.757650797752251,0.849208438311301,1,"manhattan","most",8,8,3,9
"726",0.757650797752251,0.849208438311301,1,"euclidean","most",8,8,3,9
"727",0.697451531348277,0.834614122537876,1,"cosine","most",8,8,3,9
"728",0.576326024613579,0.594773022631924,9,"dice","most",8,8,3,9
"729",0.901508270941362,0.901508270941362,0,"jacard","most",8,8,3,9
"730",0.434024674957202,0.821352461713916,2,"manhattan","asmany",8,8,3,9
"731",0.434024674957202,0.821352461713916,2,"euclidean","asmany",8,8,3,9
"732",0.343389761053622,0.774544570179982,9,"cosine","asmany",8,8,3,9
"733",0.422893032885062,0.513392886572672,9,"dice","asmany",8,8,3,9
"734",0.581255257537583,0.581255257537583,9,"jacard","asmany",8,8,3,9
"735",0.939805789173988,0.939805789173988,0,"manhattan","leasthalf",8,8,3,9
"736",0.939805789173988,0.939805789173988,0,"euclidean","leasthalf",8,8,3,9
"737",0.903193405253394,0.903193405253394,0,"cosine","leasthalf",8,8,3,9
"738",0.854738362806887,0.854738362806887,0,"dice","leasthalf",8,8,3,9
"739",0.98423460563788,0.98423460563788,0,"jacard","leasthalf",8,8,3,9
"740",0.757650797752251,0.849208438311301,1,"manhattan","most",8,8,3,9
"741",0.757650797752251,0.849208438311301,1,"euclidean","most",8,8,3,9
"742",0.697451531348277,0.834614122537876,1,"cosine","most",8,8,3,9
"743",0.576326024613579,0.594773022631924,9,"dice","most",8,8,3,9
"744",0.901508270941362,0.901508270941362,0,"jacard","most",8,8,3,9
"745",0.434024674957202,0.821352461713916,2,"manhattan","asmany",8,8,3,9
"746",0.434024674957202,0.821352461713916,2,"euclidean","asmany",8,8,3,9
"747",0.343389761053622,0.774544570179982,9,"cosine","asmany",8,8,3,9
"748",0.422893032885062,0.513392886572672,9,"dice","asmany",8,8,3,9
"749",0.581255257537583,0.581255257537583,9,"jacard","asmany",8,8,3,9
"750",0.939805789173988,0.939805789173988,0,"manhattan","leasthalf",8,8,3,9
"751",0.939805789173988,0.939805789173988,0,"euclidean","leasthalf",8,8,3,9
"752",0.903193405253394,0.903193405253394,0,"cosine","leasthalf",8,8,3,9
"753",0.854738362806887,0.854738362806887,0,"dice","leasthalf",8,8,3,9
"754",0.98423460563788,0.98423460563788,0,"jacard","leasthalf",8,8,3,9
"755",0.757650797752251,0.849208438311301,1,"manhattan","most",8,8,3,9
"756",0.757650797752251,0.849208438311301,1,"euclidean","most",8,8,3,9
"757",0.697451531348277,0.834614122537876,1,"cosine","most",8,8,3,9
"758",0.576326024613579,0.594773022631924,9,"dice","most",8,8,3,9
"759",0.901508270941362,0.901508270941362,0,"jacard","most",8,8,3,9
"760",0.434024674957202,0.821352461713916,2,"manhattan","asmany",8,8,3,9
"761",0.434024674957202,0.821352461713916,2,"euclidean","asmany",8,8,3,9
"762",0.343389761053622,0.774544570179982,9,"cosine","asmany",8,8,3,9
"763",0.422893032885062,0.513392886572672,9,"dice","asmany",8,8,3,9
"764",0.581255257537583,0.581255257537583,9,"jacard","asmany",8,8,3,9
"765",0.939805789173988,0.939805789173988,0,"manhattan","leasthalf",8,8,3,9
"766",0.939805789173988,0.939805789173988,0,"euclidean","leasthalf",8,8,3,9
"767",0.903193405253394,0.903193405253394,0,"cosine","leasthalf",8,8,3,9
"768",0.854738362806887,0.854738362806887,0,"dice","leasthalf",8,8,3,9
"769",0.98423460563788,0.98423460563788,0,"jacard","leasthalf",8,8,3,9
"770",0.757650797752251,0.849208438311301,1,"manhattan","most",8,8,3,9
"771",0.757650797752251,0.849208438311301,1,"euclidean","most",8,8,3,9
"772",0.697451531348277,0.834614122537876,1,"cosine","most",8,8,3,9
"773",0.576326024613579,0.594773022631924,9,"dice","most",8,8,3,9
"774",0.901508270941362,0.901508270941362,0,"jacard","most",8,8,3,9
"775",0.462791334896659,0.82820202616849,2,"manhattan","asmany",10,4,3,10
"776",0.462791334896659,0.82820202616849,2,"euclidean","asmany",10,4,3,10
"777",0.357693611903745,0.720122890522718,9,"cosine","asmany",10,4,3,10
"778",0.442210180940812,0.517101280777336,9,"dice","asmany",10,4,3,10
"779",0.590977252193239,0.651569466015669,9,"jacard","asmany",10,4,3,10
"780",0.943878232045099,0.943878232045099,0,"manhattan","leasthalf",10,4,3,10
"781",0.943878232045099,0.943878232045099,0,"euclidean","leasthalf",10,4,3,10
"782",0.910982933318539,0.910982933318539,0,"cosine","leasthalf",10,4,3,10
"783",0.850464543826764,0.850464543826764,0,"dice","leasthalf",10,4,3,10
"784",0.988522648866211,0.988522648866211,0,"jacard","leasthalf",10,4,3,10
"785",0.764871978552143,0.85158262694311,1,"manhattan","most",10,4,3,10
"786",0.764871978552143,0.85158262694311,1,"euclidean","most",10,4,3,10
"787",0.729544210894323,0.829799227762927,1,"cosine","most",10,4,3,10
"788",0.60064261450854,0.610853007854237,9,"dice","most",10,4,3,10
"789",0.916708211416648,0.916708211416648,0,"jacard","most",10,4,3,10
"790",0.462791334896659,0.82820202616849,2,"manhattan","asmany",10,4,3,10
"791",0.462791334896659,0.82820202616849,2,"euclidean","asmany",10,4,3,10
"792",0.357693611903745,0.720122890522718,9,"cosine","asmany",10,4,3,10
"793",0.442210180940812,0.517101280777336,9,"dice","asmany",10,4,3,10
"794",0.590977252193239,0.651569466015669,9,"jacard","asmany",10,4,3,10
"795",0.943878232045099,0.943878232045099,0,"manhattan","leasthalf",10,4,3,10
"796",0.943878232045099,0.943878232045099,0,"euclidean","leasthalf",10,4,3,10
"797",0.910982933318539,0.910982933318539,0,"cosine","leasthalf",10,4,3,10
"798",0.850464543826764,0.850464543826764,0,"dice","leasthalf",10,4,3,10
"799",0.988522648866211,0.988522648866211,0,"jacard","leasthalf",10,4,3,10
"800",0.764871978552143,0.85158262694311,1,"manhattan","most",10,4,3,10
"801",0.764871978552143,0.85158262694311,1,"euclidean","most",10,4,3,10
"802",0.729544210894323,0.829799227762927,1,"cosine","most",10,4,3,10
"803",0.60064261450854,0.610853007854237,9,"dice","most",10,4,3,10
"804",0.916708211416648,0.916708211416648,0,"jacard","most",10,4,3,10
"805",0.462791334896659,0.82820202616849,2,"manhattan","asmany",10,4,3,10
"806",0.462791334896659,0.82820202616849,2,"euclidean","asmany",10,4,3,10
"807",0.357693611903745,0.720122890522718,9,"cosine","asmany",10,4,3,10
"808",0.442210180940812,0.517101280777336,9,"dice","asmany",10,4,3,10
"809",0.590977252193239,0.651569466015669,9,"jacard","asmany",10,4,3,10
"810",0.943878232045099,0.943878232045099,0,"manhattan","leasthalf",10,4,3,10
"811",0.943878232045099,0.943878232045099,0,"euclidean","leasthalf",10,4,3,10
"812",0.910982933318539,0.910982933318539,0,"cosine","leasthalf",10,4,3,10
"813",0.850464543826764,0.850464543826764,0,"dice","leasthalf",10,4,3,10
"814",0.988522648866211,0.988522648866211,0,"jacard","leasthalf",10,4,3,10
"815",0.764871978552143,0.85158262694311,1,"manhattan","most",10,4,3,10
"816",0.764871978552143,0.85158262694311,1,"euclidean","most",10,4,3,10
"817",0.729544210894323,0.829799227762927,1,"cosine","most",10,4,3,10
"818",0.60064261450854,0.610853007854237,9,"dice","most",10,4,3,10
"819",0.916708211416648,0.916708211416648,0,"jacard","most",10,4,3,10
"820",0.462791334896659,0.82820202616849,2,"manhattan","asmany",10,4,3,10
"821",0.462791334896659,0.82820202616849,2,"euclidean","asmany",10,4,3,10
"822",0.357693611903745,0.720122890522718,9,"cosine","asmany",10,4,3,10
"823",0.442210180940812,0.517101280777336,9,"dice","asmany",10,4,3,10
"824",0.590977252193239,0.651569466015669,9,"jacard","asmany",10,4,3,10
"825",0.943878232045099,0.943878232045099,0,"manhattan","leasthalf",10,4,3,10
"826",0.943878232045099,0.943878232045099,0,"euclidean","leasthalf",10,4,3,10
"827",0.910982933318539,0.910982933318539,0,"cosine","leasthalf",10,4,3,10
"828",0.850464543826764,0.850464543826764,0,"dice","leasthalf",10,4,3,10
"829",0.988522648866211,0.988522648866211,0,"jacard","leasthalf",10,4,3,10
"830",0.764871978552143,0.85158262694311,1,"manhattan","most",10,4,3,10
"831",0.764871978552143,0.85158262694311,1,"euclidean","most",10,4,3,10
"832",0.729544210894323,0.829799227762927,1,"cosine","most",10,4,3,10
"833",0.60064261450854,0.610853007854237,9,"dice","most",10,4,3,10
"834",0.916708211416648,0.916708211416648,0,"jacard","most",10,4,3,10
"835",0.462791334896659,0.82820202616849,2,"manhattan","asmany",10,4,3,10
"836",0.462791334896659,0.82820202616849,2,"euclidean","asmany",10,4,3,10
"837",0.357693611903745,0.720122890522718,9,"cosine","asmany",10,4,3,10
"838",0.442210180940812,0.517101280777336,9,"dice","asmany",10,4,3,10
"839",0.590977252193239,0.651569466015669,9,"jacard","asmany",10,4,3,10
"840",0.943878232045099,0.943878232045099,0,"manhattan","leasthalf",10,4,3,10
"841",0.943878232045099,0.943878232045099,0,"euclidean","leasthalf",10,4,3,10
"842",0.910982933318539,0.910982933318539,0,"cosine","leasthalf",10,4,3,10
"843",0.850464543826764,0.850464543826764,0,"dice","leasthalf",10,4,3,10
"844",0.988522648866211,0.988522648866211,0,"jacard","leasthalf",10,4,3,10
"845",0.764871978552143,0.85158262694311,1,"manhattan","most",10,4,3,10
"846",0.764871978552143,0.85158262694311,1,"euclidean","most",10,4,3,10
"847",0.729544210894323,0.829799227762927,1,"cosine","most",10,4,3,10
"848",0.60064261450854,0.610853007854237,9,"dice","most",10,4,3,10
"849",0.916708211416648,0.916708211416648,0,"jacard","most",10,4,3,10
"850",0.462791334896659,0.82820202616849,2,"manhattan","asmany",10,4,3,10
"851",0.462791334896659,0.82820202616849,2,"euclidean","asmany",10,4,3,10
"852",0.357693611903745,0.720122890522718,9,"cosine","asmany",10,4,3,10
"853",0.442210180940812,0.517101280777336,9,"dice","asmany",10,4,3,10
"854",0.590977252193239,0.651569466015669,9,"jacard","asmany",10,4,3,10
"855",0.943878232045099,0.943878232045099,0,"manhattan","leasthalf",10,4,3,10
"856",0.943878232045099,0.943878232045099,0,"euclidean","leasthalf",10,4,3,10
"857",0.910982933318539,0.910982933318539,0,"cosine","leasthalf",10,4,3,10
"858",0.850464543826764,0.850464543826764,0,"dice","leasthalf",10,4,3,10
"859",0.988522648866211,0.988522648866211,0,"jacard","leasthalf",10,4,3,10
"860",0.764871978552143,0.85158262694311,1,"manhattan","most",10,4,3,10
"861",0.764871978552143,0.85158262694311,1,"euclidean","most",10,4,3,10
"862",0.729544210894323,0.829799227762927,1,"cosine","most",10,4,3,10
"863",0.60064261450854,0.610853007854237,9,"dice","most",10,4,3,10
"864",0.916708211416648,0.916708211416648,0,"jacard","most",10,4,3,10
"865",0.460201914922024,0.82099079847614,2,"manhattan","asmany",10,6,3,11
"866",0.460201914922024,0.82099079847614,2,"euclidean","asmany",10,6,3,11
"867",0.366871640016537,0.766938803694956,9,"cosine","asmany",10,6,3,11
"868",0.44409285494612,0.512184262636652,9,"dice","asmany",10,6,3,11
"869",0.606673608527739,0.679556407310301,9,"jacard","asmany",10,6,3,11
"870",0.930527544170618,0.930527544170618,0,"manhattan","leasthalf",10,6,3,11
"871",0.930527544170618,0.930527544170618,0,"euclidean","leasthalf",10,6,3,11
"872",0.890813113870594,0.890813113870594,0,"cosine","leasthalf",10,6,3,11
"873",0.835426330491289,0.835426330491289,0,"dice","leasthalf",10,6,3,11
"874",0.980194641629655,0.980194641629655,0,"jacard","leasthalf",10,6,3,11
"875",0.744239962620536,0.853368997634438,1,"manhattan","most",10,6,3,11
"876",0.744239962620536,0.853368997634438,1,"euclidean","most",10,6,3,11
"877",0.708397989756268,0.837135043820421,1,"cosine","most",10,6,3,11
"878",0.564996897189222,0.583109773226419,9,"dice","most",10,6,3,11
"879",0.911828571530202,0.911828571530202,0,"jacard","most",10,6,3,11
"880",0.460201914922024,0.82099079847614,2,"manhattan","asmany",10,6,3,11
"881",0.460201914922024,0.82099079847614,2,"euclidean","asmany",10,6,3,11
"882",0.366871640016537,0.766938803694956,9,"cosine","asmany",10,6,3,11
"883",0.44409285494612,0.512184262636652,9,"dice","asmany",10,6,3,11
"884",0.606673608527739,0.679556407310301,9,"jacard","asmany",10,6,3,11
"885",0.930527544170618,0.930527544170618,0,"manhattan","leasthalf",10,6,3,11
"886",0.930527544170618,0.930527544170618,0,"euclidean","leasthalf",10,6,3,11
"887",0.890813113870594,0.890813113870594,0,"cosine","leasthalf",10,6,3,11
"888",0.835426330491289,0.835426330491289,0,"dice","leasthalf",10,6,3,11
"889",0.980194641629655,0.980194641629655,0,"jacard","leasthalf",10,6,3,11
"890",0.744239962620536,0.853368997634438,1,"manhattan","most",10,6,3,11
"891",0.744239962620536,0.853368997634438,1,"euclidean","most",10,6,3,11
"892",0.708397989756268,0.837135043820421,1,"cosine","most",10,6,3,11
"893",0.564996897189222,0.583109773226419,9,"dice","most",10,6,3,11
"894",0.911828571530202,0.911828571530202,0,"jacard","most",10,6,3,11
"895",0.460201914922024,0.82099079847614,2,"manhattan","asmany",10,6,3,11
"896",0.460201914922024,0.82099079847614,2,"euclidean","asmany",10,6,3,11
"897",0.366871640016537,0.766938803694956,9,"cosine","asmany",10,6,3,11
"898",0.44409285494612,0.512184262636652,9,"dice","asmany",10,6,3,11
"899",0.606673608527739,0.679556407310301,9,"jacard","asmany",10,6,3,11
"900",0.930527544170618,0.930527544170618,0,"manhattan","leasthalf",10,6,3,11
"901",0.930527544170618,0.930527544170618,0,"euclidean","leasthalf",10,6,3,11
"902",0.890813113870594,0.890813113870594,0,"cosine","leasthalf",10,6,3,11
"903",0.835426330491289,0.835426330491289,0,"dice","leasthalf",10,6,3,11
"904",0.980194641629655,0.980194641629655,0,"jacard","leasthalf",10,6,3,11
"905",0.744239962620536,0.853368997634438,1,"manhattan","most",10,6,3,11
"906",0.744239962620536,0.853368997634438,1,"euclidean","most",10,6,3,11
"907",0.708397989756268,0.837135043820421,1,"cosine","most",10,6,3,11
"908",0.564996897189222,0.583109773226419,9,"dice","most",10,6,3,11
"909",0.911828571530202,0.911828571530202,0,"jacard","most",10,6,3,11
"910",0.460201914922024,0.82099079847614,2,"manhattan","asmany",10,6,3,11
"911",0.460201914922024,0.82099079847614,2,"euclidean","asmany",10,6,3,11
"912",0.366871640016537,0.766938803694956,9,"cosine","asmany",10,6,3,11
"913",0.44409285494612,0.512184262636652,9,"dice","asmany",10,6,3,11
"914",0.606673608527739,0.679556407310301,9,"jacard","asmany",10,6,3,11
"915",0.930527544170618,0.930527544170618,0,"manhattan","leasthalf",10,6,3,11
"916",0.930527544170618,0.930527544170618,0,"euclidean","leasthalf",10,6,3,11
"917",0.890813113870594,0.890813113870594,0,"cosine","leasthalf",10,6,3,11
"918",0.835426330491289,0.835426330491289,0,"dice","leasthalf",10,6,3,11
"919",0.980194641629655,0.980194641629655,0,"jacard","leasthalf",10,6,3,11
"920",0.744239962620536,0.853368997634438,1,"manhattan","most",10,6,3,11
"921",0.744239962620536,0.853368997634438,1,"euclidean","most",10,6,3,11
"922",0.708397989756268,0.837135043820421,1,"cosine","most",10,6,3,11
"923",0.564996897189222,0.583109773226419,9,"dice","most",10,6,3,11
"924",0.911828571530202,0.911828571530202,0,"jacard","most",10,6,3,11
"925",0.460201914922024,0.82099079847614,2,"manhattan","asmany",10,6,3,11
"926",0.460201914922024,0.82099079847614,2,"euclidean","asmany",10,6,3,11
"927",0.366871640016537,0.766938803694956,9,"cosine","asmany",10,6,3,11
"928",0.44409285494612,0.512184262636652,9,"dice","asmany",10,6,3,11
"929",0.606673608527739,0.679556407310301,9,"jacard","asmany",10,6,3,11
"930",0.930527544170618,0.930527544170618,0,"manhattan","leasthalf",10,6,3,11
"931",0.930527544170618,0.930527544170618,0,"euclidean","leasthalf",10,6,3,11
"932",0.890813113870594,0.890813113870594,0,"cosine","leasthalf",10,6,3,11
"933",0.835426330491289,0.835426330491289,0,"dice","leasthalf",10,6,3,11
"934",0.980194641629655,0.980194641629655,0,"jacard","leasthalf",10,6,3,11
"935",0.744239962620536,0.853368997634438,1,"manhattan","most",10,6,3,11
"936",0.744239962620536,0.853368997634438,1,"euclidean","most",10,6,3,11
"937",0.708397989756268,0.837135043820421,1,"cosine","most",10,6,3,11
"938",0.564996897189222,0.583109773226419,9,"dice","most",10,6,3,11
"939",0.911828571530202,0.911828571530202,0,"jacard","most",10,6,3,11
"940",0.460201914922024,0.82099079847614,2,"manhattan","asmany",10,6,3,11
"941",0.460201914922024,0.82099079847614,2,"euclidean","asmany",10,6,3,11
"942",0.366871640016537,0.766938803694956,9,"cosine","asmany",10,6,3,11
"943",0.44409285494612,0.512184262636652,9,"dice","asmany",10,6,3,11
"944",0.606673608527739,0.679556407310301,9,"jacard","asmany",10,6,3,11
"945",0.930527544170618,0.930527544170618,0,"manhattan","leasthalf",10,6,3,11
"946",0.930527544170618,0.930527544170618,0,"euclidean","leasthalf",10,6,3,11
"947",0.890813113870594,0.890813113870594,0,"cosine","leasthalf",10,6,3,11
"948",0.835426330491289,0.835426330491289,0,"dice","leasthalf",10,6,3,11
"949",0.980194641629655,0.980194641629655,0,"jacard","leasthalf",10,6,3,11
"950",0.744239962620536,0.853368997634438,1,"manhattan","most",10,6,3,11
"951",0.744239962620536,0.853368997634438,1,"euclidean","most",10,6,3,11
"952",0.708397989756268,0.837135043820421,1,"cosine","most",10,6,3,11
"953",0.564996897189222,0.583109773226419,9,"dice","most",10,6,3,11
"954",0.911828571530202,0.911828571530202,0,"jacard","most",10,6,3,11
"955",0.478300212767374,0.826588725203811,2,"manhattan","asmany",10,8,3,12
"956",0.478300212767374,0.826588725203811,2,"euclidean","asmany",10,8,3,12
"957",0.38784407605893,0.741984507754778,9,"cosine","asmany",10,8,3,12
"958",0.457510522091299,0.517798829874447,9,"dice","asmany",10,8,3,12
"959",0.626289382348131,0.626289382348131,9,"jacard","asmany",10,8,3,12
"960",0.926198785423767,0.926198785423767,0,"manhattan","leasthalf",10,8,3,12
"961",0.926198785423767,0.926198785423767,0,"euclidean","leasthalf",10,8,3,12
"962",0.884318259734164,0.884318259734164,0,"cosine","leasthalf",10,8,3,12
"963",0.81653485182481,0.81653485182481,0,"dice","leasthalf",10,8,3,12
"964",0.981024839658352,0.981024839658352,0,"jacard","leasthalf",10,8,3,12
"965",0.753605805150646,0.85024036082814,1,"manhattan","most",10,8,3,12
"966",0.753605805150646,0.85024036082814,1,"euclidean","most",10,8,3,12
"967",0.718227067972221,0.836498632333441,1,"cosine","most",10,8,3,12
"968",0.575566798522254,0.597433793346051,9,"dice","most",10,8,3,12
"969",0.914119861737742,0.914119861737742,0,"jacard","most",10,8,3,12
"970",0.478300212767374,0.826588725203811,2,"manhattan","asmany",10,8,3,12
"971",0.478300212767374,0.826588725203811,2,"euclidean","asmany",10,8,3,12
"972",0.38784407605893,0.741984507754778,9,"cosine","asmany",10,8,3,12
"973",0.457510522091299,0.517798829874447,9,"dice","asmany",10,8,3,12
"974",0.626289382348131,0.626289382348131,9,"jacard","asmany",10,8,3,12
"975",0.926198785423767,0.926198785423767,0,"manhattan","leasthalf",10,8,3,12
"976",0.926198785423767,0.926198785423767,0,"euclidean","leasthalf",10,8,3,12
"977",0.884318259734164,0.884318259734164,0,"cosine","leasthalf",10,8,3,12
"978",0.81653485182481,0.81653485182481,0,"dice","leasthalf",10,8,3,12
"979",0.981024839658352,0.981024839658352,0,"jacard","leasthalf",10,8,3,12
"980",0.753605805150646,0.85024036082814,1,"manhattan","most",10,8,3,12
"981",0.753605805150646,0.85024036082814,1,"euclidean","most",10,8,3,12
"982",0.718227067972221,0.836498632333441,1,"cosine","most",10,8,3,12
"983",0.575566798522254,0.597433793346051,9,"dice","most",10,8,3,12
"984",0.914119861737742,0.914119861737742,0,"jacard","most",10,8,3,12
"985",0.478300212767374,0.826588725203811,2,"manhattan","asmany",10,8,3,12
"986",0.478300212767374,0.826588725203811,2,"euclidean","asmany",10,8,3,12
"987",0.38784407605893,0.741984507754778,9,"cosine","asmany",10,8,3,12
"988",0.457510522091299,0.517798829874447,9,"dice","asmany",10,8,3,12
"989",0.626289382348131,0.626289382348131,9,"jacard","asmany",10,8,3,12
"990",0.926198785423767,0.926198785423767,0,"manhattan","leasthalf",10,8,3,12
"991",0.926198785423767,0.926198785423767,0,"euclidean","leasthalf",10,8,3,12
"992",0.884318259734164,0.884318259734164,0,"cosine","leasthalf",10,8,3,12
"993",0.81653485182481,0.81653485182481,0,"dice","leasthalf",10,8,3,12
"994",0.981024839658352,0.981024839658352,0,"jacard","leasthalf",10,8,3,12
"995",0.753605805150646,0.85024036082814,1,"manhattan","most",10,8,3,12
"996",0.753605805150646,0.85024036082814,1,"euclidean","most",10,8,3,12
"997",0.718227067972221,0.836498632333441,1,"cosine","most",10,8,3,12
"998",0.575566798522254,0.597433793346051,9,"dice","most",10,8,3,12
"999",0.914119861737742,0.914119861737742,0,"jacard","most",10,8,3,12
"1000",0.478300212767374,0.826588725203811,2,"manhattan","asmany",10,8,3,12
"1001",0.478300212767374,0.826588725203811,2,"euclidean","asmany",10,8,3,12
"1002",0.38784407605893,0.741984507754778,9,"cosine","asmany",10,8,3,12
"1003",0.457510522091299,0.517798829874447,9,"dice","asmany",10,8,3,12
"1004",0.626289382348131,0.626289382348131,9,"jacard","asmany",10,8,3,12
"1005",0.926198785423767,0.926198785423767,0,"manhattan","leasthalf",10,8,3,12
"1006",0.926198785423767,0.926198785423767,0,"euclidean","leasthalf",10,8,3,12
"1007",0.884318259734164,0.884318259734164,0,"cosine","leasthalf",10,8,3,12
"1008",0.81653485182481,0.81653485182481,0,"dice","leasthalf",10,8,3,12
"1009",0.981024839658352,0.981024839658352,0,"jacard","leasthalf",10,8,3,12
"1010",0.753605805150646,0.85024036082814,1,"manhattan","most",10,8,3,12
"1011",0.753605805150646,0.85024036082814,1,"euclidean","most",10,8,3,12
"1012",0.718227067972221,0.836498632333441,1,"cosine","most",10,8,3,12
"1013",0.575566798522254,0.597433793346051,9,"dice","most",10,8,3,12
"1014",0.914119861737742,0.914119861737742,0,"jacard","most",10,8,3,12
"1015",0.478300212767374,0.826588725203811,2,"manhattan","asmany",10,8,3,12
"1016",0.478300212767374,0.826588725203811,2,"euclidean","asmany",10,8,3,12
"1017",0.38784407605893,0.741984507754778,9,"cosine","asmany",10,8,3,12
"1018",0.457510522091299,0.517798829874447,9,"dice","asmany",10,8,3,12
"1019",0.626289382348131,0.626289382348131,9,"jacard","asmany",10,8,3,12
"1020",0.926198785423767,0.926198785423767,0,"manhattan","leasthalf",10,8,3,12
"1021",0.926198785423767,0.926198785423767,0,"euclidean","leasthalf",10,8,3,12
"1022",0.884318259734164,0.884318259734164,0,"cosine","leasthalf",10,8,3,12
"1023",0.81653485182481,0.81653485182481,0,"dice","leasthalf",10,8,3,12
"1024",0.981024839658352,0.981024839658352,0,"jacard","leasthalf",10,8,3,12
"1025",0.753605805150646,0.85024036082814,1,"manhattan","most",10,8,3,12
"1026",0.753605805150646,0.85024036082814,1,"euclidean","most",10,8,3,12
"1027",0.718227067972221,0.836498632333441,1,"cosine","most",10,8,3,12
"1028",0.575566798522254,0.597433793346051,9,"dice","most",10,8,3,12
"1029",0.914119861737742,0.914119861737742,0,"jacard","most",10,8,3,12
"1030",0.478300212767374,0.826588725203811,2,"manhattan","asmany",10,8,3,12
"1031",0.478300212767374,0.826588725203811,2,"euclidean","asmany",10,8,3,12
"1032",0.38784407605893,0.741984507754778,9,"cosine","asmany",10,8,3,12
"1033",0.457510522091299,0.517798829874447,9,"dice","asmany",10,8,3,12
"1034",0.626289382348131,0.626289382348131,9,"jacard","asmany",10,8,3,12
"1035",0.926198785423767,0.926198785423767,0,"manhattan","leasthalf",10,8,3,12
"1036",0.926198785423767,0.926198785423767,0,"euclidean","leasthalf",10,8,3,12
"1037",0.884318259734164,0.884318259734164,0,"cosine","leasthalf",10,8,3,12
"1038",0.81653485182481,0.81653485182481,0,"dice","leasthalf",10,8,3,12
"1039",0.981024839658352,0.981024839658352,0,"jacard","leasthalf",10,8,3,12
"1040",0.753605805150646,0.85024036082814,1,"manhattan","most",10,8,3,12
"1041",0.753605805150646,0.85024036082814,1,"euclidean","most",10,8,3,12
"1042",0.718227067972221,0.836498632333441,1,"cosine","most",10,8,3,12
"1043",0.575566798522254,0.597433793346051,9,"dice","most",10,8,3,12
"1044",0.914119861737742,0.914119861737742,0,"jacard","most",10,8,3,12
"1045",0.403574808908161,0.820950221535551,2,"manhattan","asmany",12,4,3,13
"1046",0.403574808908161,0.820950221535551,2,"euclidean","asmany",12,4,3,13
"1047",0.3246810677492,0.780998108785619,9,"cosine","asmany",12,4,3,13
"1048",0.421580222351579,0.517245953528118,9,"dice","asmany",12,4,3,13
"1049",0.554323944388633,0.701315319954604,9,"jacard","asmany",12,4,3,13
"1050",0.924648096646976,0.924648096646976,0,"manhattan","leasthalf",12,4,3,13
"1051",0.924648096646976,0.924648096646976,0,"euclidean","leasthalf",12,4,3,13
"1052",0.878308865329537,0.878308865329537,0,"cosine","leasthalf",12,4,3,13
"1053",0.825037781528449,0.825037781528449,0,"dice","leasthalf",12,4,3,13
"1054",0.97838583550194,0.97838583550194,0,"jacard","leasthalf",12,4,3,13
"1055",0.72156246488581,0.84377732676113,1,"manhattan","most",12,4,3,13
"1056",0.72156246488581,0.84377732676113,1,"euclidean","most",12,4,3,13
"1057",0.683095428086364,0.81660355450757,1,"cosine","most",12,4,3,13
"1058",0.566069812213309,0.596496503562467,9,"dice","most",12,4,3,13
"1059",0.893332719737695,0.893332719737695,0,"jacard","most",12,4,3,13
"1060",0.403574808908161,0.820950221535551,2,"manhattan","asmany",12,4,3,13
"1061",0.403574808908161,0.820950221535551,2,"euclidean","asmany",12,4,3,13
"1062",0.3246810677492,0.780998108785619,9,"cosine","asmany",12,4,3,13
"1063",0.421580222351579,0.517245953528118,9,"dice","asmany",12,4,3,13
"1064",0.554323944388633,0.701315319954604,9,"jacard","asmany",12,4,3,13
"1065",0.924648096646976,0.924648096646976,0,"manhattan","leasthalf",12,4,3,13
"1066",0.924648096646976,0.924648096646976,0,"euclidean","leasthalf",12,4,3,13
"1067",0.878308865329537,0.878308865329537,0,"cosine","leasthalf",12,4,3,13
"1068",0.825037781528449,0.825037781528449,0,"dice","leasthalf",12,4,3,13
"1069",0.97838583550194,0.97838583550194,0,"jacard","leasthalf",12,4,3,13
"1070",0.72156246488581,0.84377732676113,1,"manhattan","most",12,4,3,13
"1071",0.72156246488581,0.84377732676113,1,"euclidean","most",12,4,3,13
"1072",0.683095428086364,0.81660355450757,1,"cosine","most",12,4,3,13
"1073",0.566069812213309,0.596496503562467,9,"dice","most",12,4,3,13
"1074",0.893332719737695,0.893332719737695,0,"jacard","most",12,4,3,13
"1075",0.403574808908161,0.820950221535551,2,"manhattan","asmany",12,4,3,13
"1076",0.403574808908161,0.820950221535551,2,"euclidean","asmany",12,4,3,13
"1077",0.3246810677492,0.780998108785619,9,"cosine","asmany",12,4,3,13
"1078",0.421580222351579,0.517245953528118,9,"dice","asmany",12,4,3,13
"1079",0.554323944388633,0.701315319954604,9,"jacard","asmany",12,4,3,13
"1080",0.924648096646976,0.924648096646976,0,"manhattan","leasthalf",12,4,3,13
"1081",0.924648096646976,0.924648096646976,0,"euclidean","leasthalf",12,4,3,13
"1082",0.878308865329537,0.878308865329537,0,"cosine","leasthalf",12,4,3,13
"1083",0.825037781528449,0.825037781528449,0,"dice","leasthalf",12,4,3,13
"1084",0.97838583550194,0.97838583550194,0,"jacard","leasthalf",12,4,3,13
"1085",0.72156246488581,0.84377732676113,1,"manhattan","most",12,4,3,13
"1086",0.72156246488581,0.84377732676113,1,"euclidean","most",12,4,3,13
"1087",0.683095428086364,0.81660355450757,1,"cosine","most",12,4,3,13
"1088",0.566069812213309,0.596496503562467,9,"dice","most",12,4,3,13
"1089",0.893332719737695,0.893332719737695,0,"jacard","most",12,4,3,13
"1090",0.403574808908161,0.820950221535551,2,"manhattan","asmany",12,4,3,13
"1091",0.403574808908161,0.820950221535551,2,"euclidean","asmany",12,4,3,13
"1092",0.3246810677492,0.780998108785619,9,"cosine","asmany",12,4,3,13
"1093",0.421580222351579,0.517245953528118,9,"dice","asmany",12,4,3,13
"1094",0.554323944388633,0.701315319954604,9,"jacard","asmany",12,4,3,13
"1095",0.924648096646976,0.924648096646976,0,"manhattan","leasthalf",12,4,3,13
"1096",0.924648096646976,0.924648096646976,0,"euclidean","leasthalf",12,4,3,13
"1097",0.878308865329537,0.878308865329537,0,"cosine","leasthalf",12,4,3,13
"1098",0.825037781528449,0.825037781528449,0,"dice","leasthalf",12,4,3,13
"1099",0.97838583550194,0.97838583550194,0,"jacard","leasthalf",12,4,3,13
"1100",0.72156246488581,0.84377732676113,1,"manhattan","most",12,4,3,13
"1101",0.72156246488581,0.84377732676113,1,"euclidean","most",12,4,3,13
"1102",0.683095428086364,0.81660355450757,1,"cosine","most",12,4,3,13
"1103",0.566069812213309,0.596496503562467,9,"dice","most",12,4,3,13
"1104",0.893332719737695,0.893332719737695,0,"jacard","most",12,4,3,13
"1105",0.403574808908161,0.820950221535551,2,"manhattan","asmany",12,4,3,13
"1106",0.403574808908161,0.820950221535551,2,"euclidean","asmany",12,4,3,13
"1107",0.3246810677492,0.780998108785619,9,"cosine","asmany",12,4,3,13
"1108",0.421580222351579,0.517245953528118,9,"dice","asmany",12,4,3,13
"1109",0.554323944388633,0.701315319954604,9,"jacard","asmany",12,4,3,13
"1110",0.924648096646976,0.924648096646976,0,"manhattan","leasthalf",12,4,3,13
"1111",0.924648096646976,0.924648096646976,0,"euclidean","leasthalf",12,4,3,13
"1112",0.878308865329537,0.878308865329537,0,"cosine","leasthalf",12,4,3,13
"1113",0.825037781528449,0.825037781528449,0,"dice","leasthalf",12,4,3,13
"1114",0.97838583550194,0.97838583550194,0,"jacard","leasthalf",12,4,3,13
"1115",0.72156246488581,0.84377732676113,1,"manhattan","most",12,4,3,13
"1116",0.72156246488581,0.84377732676113,1,"euclidean","most",12,4,3,13
"1117",0.683095428086364,0.81660355450757,1,"cosine","most",12,4,3,13
"1118",0.566069812213309,0.596496503562467,9,"dice","most",12,4,3,13
"1119",0.893332719737695,0.893332719737695,0,"jacard","most",12,4,3,13
"1120",0.403574808908161,0.820950221535551,2,"manhattan","asmany",12,4,3,13
"1121",0.403574808908161,0.820950221535551,2,"euclidean","asmany",12,4,3,13
"1122",0.3246810677492,0.780998108785619,9,"cosine","asmany",12,4,3,13
"1123",0.421580222351579,0.517245953528118,9,"dice","asmany",12,4,3,13
"1124",0.554323944388633,0.701315319954604,9,"jacard","asmany",12,4,3,13
"1125",0.924648096646976,0.924648096646976,0,"manhattan","leasthalf",12,4,3,13
"1126",0.924648096646976,0.924648096646976,0,"euclidean","leasthalf",12,4,3,13
"1127",0.878308865329537,0.878308865329537,0,"cosine","leasthalf",12,4,3,13
"1128",0.825037781528449,0.825037781528449,0,"dice","leasthalf",12,4,3,13
"1129",0.97838583550194,0.97838583550194,0,"jacard","leasthalf",12,4,3,13
"1130",0.72156246488581,0.84377732676113,1,"manhattan","most",12,4,3,13
"1131",0.72156246488581,0.84377732676113,1,"euclidean","most",12,4,3,13
"1132",0.683095428086364,0.81660355450757,1,"cosine","most",12,4,3,13
"1133",0.566069812213309,0.596496503562467,9,"dice","most",12,4,3,13
"1134",0.893332719737695,0.893332719737695,0,"jacard","most",12,4,3,13
"1135",0.462080824724399,0.81848873044866,2,"manhattan","asmany",12,6,3,14
"1136",0.462080824724399,0.81848873044866,2,"euclidean","asmany",12,6,3,14
"1137",0.387923381498335,0.776509916096902,9,"cosine","asmany",12,6,3,14
"1138",0.449736292077627,0.521427358654476,9,"dice","asmany",12,6,3,14
"1139",0.620475171948792,0.669031617272882,9,"jacard","asmany",12,6,3,14
"1140",0.927914640128061,0.927914640128061,0,"manhattan","leasthalf",12,6,3,14
"1141",0.927914640128061,0.927914640128061,0,"euclidean","leasthalf",12,6,3,14
"1142",0.892477155805563,0.892477155805563,0,"cosine","leasthalf",12,6,3,14
"1143",0.797918382387843,0.825666428213785,1,"dice","leasthalf",12,6,3,14
"1144",0.982961583743242,0.982961583743242,0,"jacard","leasthalf",12,6,3,14
"1145",0.74310674641033,0.847267590394474,1,"manhattan","most",12,6,3,14
"1146",0.74310674641033,0.847267590394474,1,"euclidean","most",12,6,3,14
"1147",0.701309666954948,0.828297777537385,1,"cosine","most",12,6,3,14
"1148",0.570067413468066,0.593772396055598,9,"dice","most",12,6,3,14
"1149",0.903671703271644,0.903671703271644,0,"jacard","most",12,6,3,14
"1150",0.462080824724399,0.81848873044866,2,"manhattan","asmany",12,6,3,14
"1151",0.462080824724399,0.81848873044866,2,"euclidean","asmany",12,6,3,14
"1152",0.387923381498335,0.776509916096902,9,"cosine","asmany",12,6,3,14
"1153",0.449736292077627,0.521427358654476,9,"dice","asmany",12,6,3,14
"1154",0.620475171948792,0.669031617272882,9,"jacard","asmany",12,6,3,14
"1155",0.927914640128061,0.927914640128061,0,"manhattan","leasthalf",12,6,3,14
"1156",0.927914640128061,0.927914640128061,0,"euclidean","leasthalf",12,6,3,14
"1157",0.892477155805563,0.892477155805563,0,"cosine","leasthalf",12,6,3,14
"1158",0.797918382387843,0.825666428213785,1,"dice","leasthalf",12,6,3,14
"1159",0.982961583743242,0.982961583743242,0,"jacard","leasthalf",12,6,3,14
"1160",0.74310674641033,0.847267590394474,1,"manhattan","most",12,6,3,14
"1161",0.74310674641033,0.847267590394474,1,"euclidean","most",12,6,3,14
"1162",0.701309666954948,0.828297777537385,1,"cosine","most",12,6,3,14
"1163",0.570067413468066,0.593772396055598,9,"dice","most",12,6,3,14
"1164",0.903671703271644,0.903671703271644,0,"jacard","most",12,6,3,14
"1165",0.462080824724399,0.81848873044866,2,"manhattan","asmany",12,6,3,14
"1166",0.462080824724399,0.81848873044866,2,"euclidean","asmany",12,6,3,14
"1167",0.387923381498335,0.776509916096902,9,"cosine","asmany",12,6,3,14
"1168",0.449736292077627,0.521427358654476,9,"dice","asmany",12,6,3,14
"1169",0.620475171948792,0.669031617272882,9,"jacard","asmany",12,6,3,14
"1170",0.927914640128061,0.927914640128061,0,"manhattan","leasthalf",12,6,3,14
"1171",0.927914640128061,0.927914640128061,0,"euclidean","leasthalf",12,6,3,14
"1172",0.892477155805563,0.892477155805563,0,"cosine","leasthalf",12,6,3,14
"1173",0.797918382387843,0.825666428213785,1,"dice","leasthalf",12,6,3,14
"1174",0.982961583743242,0.982961583743242,0,"jacard","leasthalf",12,6,3,14
"1175",0.74310674641033,0.847267590394474,1,"manhattan","most",12,6,3,14
"1176",0.74310674641033,0.847267590394474,1,"euclidean","most",12,6,3,14
"1177",0.701309666954948,0.828297777537385,1,"cosine","most",12,6,3,14
"1178",0.570067413468066,0.593772396055598,9,"dice","most",12,6,3,14
"1179",0.903671703271644,0.903671703271644,0,"jacard","most",12,6,3,14
"1180",0.462080824724399,0.81848873044866,2,"manhattan","asmany",12,6,3,14
"1181",0.462080824724399,0.81848873044866,2,"euclidean","asmany",12,6,3,14
"1182",0.387923381498335,0.776509916096902,9,"cosine","asmany",12,6,3,14
"1183",0.449736292077627,0.521427358654476,9,"dice","asmany",12,6,3,14
"1184",0.620475171948792,0.669031617272882,9,"jacard","asmany",12,6,3,14
"1185",0.927914640128061,0.927914640128061,0,"manhattan","leasthalf",12,6,3,14
"1186",0.927914640128061,0.927914640128061,0,"euclidean","leasthalf",12,6,3,14
"1187",0.892477155805563,0.892477155805563,0,"cosine","leasthalf",12,6,3,14
"1188",0.797918382387843,0.825666428213785,1,"dice","leasthalf",12,6,3,14
"1189",0.982961583743242,0.982961583743242,0,"jacard","leasthalf",12,6,3,14
"1190",0.74310674641033,0.847267590394474,1,"manhattan","most",12,6,3,14
"1191",0.74310674641033,0.847267590394474,1,"euclidean","most",12,6,3,14
"1192",0.701309666954948,0.828297777537385,1,"cosine","most",12,6,3,14
"1193",0.570067413468066,0.593772396055598,9,"dice","most",12,6,3,14
"1194",0.903671703271644,0.903671703271644,0,"jacard","most",12,6,3,14
"1195",0.462080824724399,0.81848873044866,2,"manhattan","asmany",12,6,3,14
"1196",0.462080824724399,0.81848873044866,2,"euclidean","asmany",12,6,3,14
"1197",0.387923381498335,0.776509916096902,9,"cosine","asmany",12,6,3,14
"1198",0.449736292077627,0.521427358654476,9,"dice","asmany",12,6,3,14
"1199",0.620475171948792,0.669031617272882,9,"jacard","asmany",12,6,3,14
"1200",0.927914640128061,0.927914640128061,0,"manhattan","leasthalf",12,6,3,14
"1201",0.927914640128061,0.927914640128061,0,"euclidean","leasthalf",12,6,3,14
"1202",0.892477155805563,0.892477155805563,0,"cosine","leasthalf",12,6,3,14
"1203",0.797918382387843,0.825666428213785,1,"dice","leasthalf",12,6,3,14
"1204",0.982961583743242,0.982961583743242,0,"jacard","leasthalf",12,6,3,14
"1205",0.74310674641033,0.847267590394474,1,"manhattan","most",12,6,3,14
"1206",0.74310674641033,0.847267590394474,1,"euclidean","most",12,6,3,14
"1207",0.701309666954948,0.828297777537385,1,"cosine","most",12,6,3,14
"1208",0.570067413468066,0.593772396055598,9,"dice","most",12,6,3,14
"1209",0.903671703271644,0.903671703271644,0,"jacard","most",12,6,3,14
"1210",0.462080824724399,0.81848873044866,2,"manhattan","asmany",12,6,3,14
"1211",0.462080824724399,0.81848873044866,2,"euclidean","asmany",12,6,3,14
"1212",0.387923381498335,0.776509916096902,9,"cosine","asmany",12,6,3,14
"1213",0.449736292077627,0.521427358654476,9,"dice","asmany",12,6,3,14
"1214",0.620475171948792,0.669031617272882,9,"jacard","asmany",12,6,3,14
"1215",0.927914640128061,0.927914640128061,0,"manhattan","leasthalf",12,6,3,14
"1216",0.927914640128061,0.927914640128061,0,"euclidean","leasthalf",12,6,3,14
"1217",0.892477155805563,0.892477155805563,0,"cosine","leasthalf",12,6,3,14
"1218",0.797918382387843,0.825666428213785,1,"dice","leasthalf",12,6,3,14
"1219",0.982961583743242,0.982961583743242,0,"jacard","leasthalf",12,6,3,14
"1220",0.74310674641033,0.847267590394474,1,"manhattan","most",12,6,3,14
"1221",0.74310674641033,0.847267590394474,1,"euclidean","most",12,6,3,14
"1222",0.701309666954948,0.828297777537385,1,"cosine","most",12,6,3,14
"1223",0.570067413468066,0.593772396055598,9,"dice","most",12,6,3,14
"1224",0.903671703271644,0.903671703271644,0,"jacard","most",12,6,3,14
"1225",0.458286618819416,0.821353411395512,2,"manhattan","asmany",12,8,3,15
"1226",0.458286618819416,0.821353411395512,2,"euclidean","asmany",12,8,3,15
"1227",0.382176039160304,0.780568199992289,9,"cosine","asmany",12,8,3,15
"1228",0.443991480427939,0.519002085668316,9,"dice","asmany",12,8,3,15
"1229",0.617060393313996,0.654700060919746,9,"jacard","asmany",12,8,3,15
"1230",0.910012818542623,0.910012818542623,0,"manhattan","leasthalf",12,8,3,15
"1231",0.910012818542623,0.910012818542623,0,"euclidean","leasthalf",12,8,3,15
"1232",0.861929568893433,0.861929568893433,0,"cosine","leasthalf",12,8,3,15
"1233",0.806799544518073,0.806799544518073,0,"dice","leasthalf",12,8,3,15
"1234",0.973269990109791,0.973269990109791,0,"jacard","leasthalf",12,8,3,15
"1235",0.734739448301772,0.845911173786354,1,"manhattan","most",12,8,3,15
"1236",0.734739448301772,0.845911173786354,1,"euclidean","most",12,8,3,15
"1237",0.697532829320454,0.832050833300606,1,"cosine","most",12,8,3,15
"1238",0.576773525009504,0.595458214581661,9,"dice","most",12,8,3,15
"1239",0.901749026337524,0.901749026337524,0,"jacard","most",12,8,3,15
"1240",0.458286618819416,0.821353411395512,2,"manhattan","asmany",12,8,3,15
"1241",0.458286618819416,0.821353411395512,2,"euclidean","asmany",12,8,3,15
"1242",0.382176039160304,0.780568199992289,9,"cosine","asmany",12,8,3,15
"1243",0.443991480427939,0.519002085668316,9,"dice","asmany",12,8,3,15
"1244",0.617060393313996,0.654700060919746,9,"jacard","asmany",12,8,3,15
"1245",0.910012818542623,0.910012818542623,0,"manhattan","leasthalf",12,8,3,15
"1246",0.910012818542623,0.910012818542623,0,"euclidean","leasthalf",12,8,3,15
"1247",0.861929568893433,0.861929568893433,0,"cosine","leasthalf",12,8,3,15
"1248",0.806799544518073,0.806799544518073,0,"dice","leasthalf",12,8,3,15
"1249",0.973269990109791,0.973269990109791,0,"jacard","leasthalf",12,8,3,15
"1250",0.734739448301772,0.845911173786354,1,"manhattan","most",12,8,3,15
"1251",0.734739448301772,0.845911173786354,1,"euclidean","most",12,8,3,15
"1252",0.697532829320454,0.832050833300606,1,"cosine","most",12,8,3,15
"1253",0.576773525009504,0.595458214581661,9,"dice","most",12,8,3,15
"1254",0.901749026337524,0.901749026337524,0,"jacard","most",12,8,3,15
"1255",0.458286618819416,0.821353411395512,2,"manhattan","asmany",12,8,3,15
"1256",0.458286618819416,0.821353411395512,2,"euclidean","asmany",12,8,3,15
"1257",0.382176039160304,0.780568199992289,9,"cosine","asmany",12,8,3,15
"1258",0.443991480427939,0.519002085668316,9,"dice","asmany",12,8,3,15
"1259",0.617060393313996,0.654700060919746,9,"jacard","asmany",12,8,3,15
"1260",0.910012818542623,0.910012818542623,0,"manhattan","leasthalf",12,8,3,15
"1261",0.910012818542623,0.910012818542623,0,"euclidean","leasthalf",12,8,3,15
"1262",0.861929568893433,0.861929568893433,0,"cosine","leasthalf",12,8,3,15
"1263",0.806799544518073,0.806799544518073,0,"dice","leasthalf",12,8,3,15
"1264",0.973269990109791,0.973269990109791,0,"jacard","leasthalf",12,8,3,15
"1265",0.734739448301772,0.845911173786354,1,"manhattan","most",12,8,3,15
"1266",0.734739448301772,0.845911173786354,1,"euclidean","most",12,8,3,15
"1267",0.697532829320454,0.832050833300606,1,"cosine","most",12,8,3,15
"1268",0.576773525009504,0.595458214581661,9,"dice","most",12,8,3,15
"1269",0.901749026337524,0.901749026337524,0,"jacard","most",12,8,3,15
"1270",0.458286618819416,0.821353411395512,2,"manhattan","asmany",12,8,3,15
"1271",0.458286618819416,0.821353411395512,2,"euclidean","asmany",12,8,3,15
"1272",0.382176039160304,0.780568199992289,9,"cosine","asmany",12,8,3,15
"1273",0.443991480427939,0.519002085668316,9,"dice","asmany",12,8,3,15
"1274",0.617060393313996,0.654700060919746,9,"jacard","asmany",12,8,3,15
"1275",0.910012818542623,0.910012818542623,0,"manhattan","leasthalf",12,8,3,15
"1276",0.910012818542623,0.910012818542623,0,"euclidean","leasthalf",12,8,3,15
"1277",0.861929568893433,0.861929568893433,0,"cosine","leasthalf",12,8,3,15
"1278",0.806799544518073,0.806799544518073,0,"dice","leasthalf",12,8,3,15
"1279",0.973269990109791,0.973269990109791,0,"jacard","leasthalf",12,8,3,15
"1280",0.734739448301772,0.845911173786354,1,"manhattan","most",12,8,3,15
"1281",0.734739448301772,0.845911173786354,1,"euclidean","most",12,8,3,15
"1282",0.697532829320454,0.832050833300606,1,"cosine","most",12,8,3,15
"1283",0.576773525009504,0.595458214581661,9,"dice","most",12,8,3,15
"1284",0.901749026337524,0.901749026337524,0,"jacard","most",12,8,3,15
"1285",0.458286618819416,0.821353411395512,2,"manhattan","asmany",12,8,3,15
"1286",0.458286618819416,0.821353411395512,2,"euclidean","asmany",12,8,3,15
"1287",0.382176039160304,0.780568199992289,9,"cosine","asmany",12,8,3,15
"1288",0.443991480427939,0.519002085668316,9,"dice","asmany",12,8,3,15
"1289",0.617060393313996,0.654700060919746,9,"jacard","asmany",12,8,3,15
"1290",0.910012818542623,0.910012818542623,0,"manhattan","leasthalf",12,8,3,15
"1291",0.910012818542623,0.910012818542623,0,"euclidean","leasthalf",12,8,3,15
"1292",0.861929568893433,0.861929568893433,0,"cosine","leasthalf",12,8,3,15
"1293",0.806799544518073,0.806799544518073,0,"dice","leasthalf",12,8,3,15
"1294",0.973269990109791,0.973269990109791,0,"jacard","leasthalf",12,8,3,15
"1295",0.734739448301772,0.845911173786354,1,"manhattan","most",12,8,3,15
"1296",0.734739448301772,0.845911173786354,1,"euclidean","most",12,8,3,15
"1297",0.697532829320454,0.832050833300606,1,"cosine","most",12,8,3,15
"1298",0.576773525009504,0.595458214581661,9,"dice","most",12,8,3,15
"1299",0.901749026337524,0.901749026337524,0,"jacard","most",12,8,3,15
"1300",0.458286618819416,0.821353411395512,2,"manhattan","asmany",12,8,3,15
"1301",0.458286618819416,0.821353411395512,2,"euclidean","asmany",12,8,3,15
"1302",0.382176039160304,0.780568199992289,9,"cosine","asmany",12,8,3,15
"1303",0.443991480427939,0.519002085668316,9,"dice","asmany",12,8,3,15
"1304",0.617060393313996,0.654700060919746,9,"jacard","asmany",12,8,3,15
"1305",0.910012818542623,0.910012818542623,0,"manhattan","leasthalf",12,8,3,15
"1306",0.910012818542623,0.910012818542623,0,"euclidean","leasthalf",12,8,3,15
"1307",0.861929568893433,0.861929568893433,0,"cosine","leasthalf",12,8,3,15
"1308",0.806799544518073,0.806799544518073,0,"dice","leasthalf",12,8,3,15
"1309",0.973269990109791,0.973269990109791,0,"jacard","leasthalf",12,8,3,15
"1310",0.734739448301772,0.845911173786354,1,"manhattan","most",12,8,3,15
"1311",0.734739448301772,0.845911173786354,1,"euclidean","most",12,8,3,15
"1312",0.697532829320454,0.832050833300606,1,"cosine","most",12,8,3,15
"1313",0.576773525009504,0.595458214581661,9,"dice","most",12,8,3,15
"1314",0.901749026337524,0.901749026337524,0,"jacard","most",12,8,3,15
